player,salary_year,salary,per_24_25,games_played,mpg,true_shot,value_added,wins_added
Stephen Curry,2025,59606817.0,21.61,70,32.2,0.618,0.0,0.0
Stephen Curry,2026,62587158.0,21.61,70,32.2,0.618,0.0,0.0
Stephen Curry,2027,,21.61,70,32.2,0.618,0.0,0.0
Stephen Curry,2028,,21.61,70,32.2,0.618,0.0,0.0
Nikola Jokic,2025,55224526.0,32.12,70,36.7,0.663,825.6,27.5
Nikola Jokic,2026,59033114.0,32.12,70,36.7,0.663,825.6,27.5
Nikola Jokic,2027,62841702.0,32.12,70,36.7,0.663,825.6,27.5
Nikola Jokic,2028,,32.12,70,36.7,0.663,825.6,27.5
Giannis Antetokounmpo,2025,54126450.0,30.57,67,34.2,.625,0.0,0.0
Joel Embiid,2025,55224526.0,23.41,19,30.2,0.58,109.8,3.7
Joel Embiid,2026,59539018.0,23.41,19,30.2,0.58,109.8,3.7
Joel Embiid,2027,64302139.0,23.41,19,30.2,0.58,109.8,3.7
Joel Embiid,2028,69065261.0,23.41,19,30.2,0.58,109.8,3.7
Kevin Durant,2025,54708608.0,21.24,62,36.5,0.642,0.0,0.0
Kevin Durant,2026,,21.24,62,36.5,0.642,0.0,0.0
Kevin Durant,2027,,21.24,62,36.5,0.642,0.0,0.0
Kevin Durant,2028,,21.24,62,36.5,0.642,0.0,0.0
Anthony Davis,2025,54126450.0,26.33,51,33.4,0.588,0.0,0.0
Anthony Davis,2026,58456566.0,26.33,51,33.4,0.588,0.0,0.0
Anthony Davis,2027,62786682.0,26.33,51,33.4,0.588,0.0,0.0
Anthony Davis,2028,,26.33,51,33.4,0.588,0.0,0.0
Jayson Tatum,2025,54126450.0,21.77,72,36.4,0.582,0.0,0.0
Jayson Tatum,2026,58456566.0,21.77,72,36.4,0.582,0.0,0.0
Jayson Tatum,2027,62786682.0,21.77,72,36.4,0.582,0.0,0.0
Jayson Tatum,2028,67116798.0,21.77,72,36.4,0.582,0.0,0.0
Jaylen Brown,2025,53142264.0,17.84,63,34.3,0.555,0.0,0.0
Jaylen Brown,2026,57078728.0,17.84,63,34.3,0.555,0.0,0.0
Jaylen Brown,2027,61015192.0,17.84,63,34.3,0.555,0.0,0.0
Jaylen Brown,2028,64951656.0,17.84,63,34.3,0.555,0.0,0.0
Devin Booker,2025,53142264.0,19.37,75,37.3,0.589,0.0,0.0
Devin Booker,2026,57078728.0,19.37,75,37.3,0.589,0.0,0.0
Devin Booker,2027,61015192.0,19.37,75,37.3,0.589,0.0,0.0
Devin Booker,2028,69877500.0,19.37,75,37.3,0.589,0.0,0.0
LeBron James,2025,52627153.0,22.81,70,34.9,0.604,0.0,0.0
LeBron James,2026,,22.81,70,34.9,0.604,0.0,0.0
LeBron James,2027,,22.81,70,34.9,0.604,0.0,0.0
LeBron James,2028,,22.81,70,34.9,0.604,0.0,0.0
Paul George,2025,51666090.0,14.53,41,32.5,0.543,0.0,0.0
Paul George,2026,54126380.0,14.53,41,32.5,0.543,0.0,0.0
Paul George,2027,56586670.0,14.53,41,32.5,0.543,0.0,0.0
Paul George,2028,,14.53,41,32.5,0.543,0.0,0.0
Kawhi Leonard,2025,50000000.0,20.53,37,31.9,0.589,0.0,0.0
Kawhi Leonard,2026,50300000.0,20.53,37,31.9,0.589,0.0,0.0
Kawhi Leonard,2027,,20.53,37,31.9,0.589,0.0,0.0
Kawhi Leonard,2028,,20.53,37,31.9,0.589,0.0,0.0
Zach LaVine,2025,47499660.0,17.33,74,35.2,0.639,0.0,0.0
Zach LaVine,2026,48967380.0,17.33,74,35.2,0.639,0.0,0.0
Zach LaVine,2027,,17.33,74,35.2,0.639,0.0,0.0
Zach LaVine,2028,,17.33,74,35.2,0.639,0.0,0.0
Lauri Markkanen,2025,46394100.0,15.62,47,31.4,0.571,0.0,0.0
Lauri Markkanen,2026,46113154.0,15.62,47,31.4,0.571,0.0,0.0
Lauri Markkanen,2027,49824681.0,15.62,47,31.4,0.571,0.0,0.0
Lauri Markkanen,2028,53536209.0,15.62,47,31.4,0.571,0.0,0.0
Donovan Mitchell,2025,46394100.0,20.93,71,31.4,0.575,0.0,0.0
Donovan Mitchell,2026,50105628.0,20.93,71,31.4,0.575,0.0,0.0
Donovan Mitchell,2027,53817156.0,20.93,71,31.4,0.575,0.0,0.0
Donovan Mitchell,2028,,20.93,71,31.4,0.575,0.0,0.0
Cade Cunningham,2025,46394100.0,20.66,70,35.0,0.565,0.0,0.0
Cade Cunningham,2026,50105628.0,20.66,70,35.0,0.565,0.0,0.0
Cade Cunningham,2027,53817156.0,20.66,70,35.0,0.565,0.0,0.0
Cade Cunningham,2028,57528684.0,20.66,70,35.0,0.565,0.0,0.0
Evan Mobley,2025,46394100.0,22.32,71,30.5,0.633,0.0,0.0
Evan Mobley,2026,50105628.0,22.32,71,30.5,0.633,0.0,0.0
Evan Mobley,2027,53817156.0,22.32,71,30.5,0.633,0.0,0.0
Evan Mobley,2028,57528684.0,22.32,71,30.5,0.633,0.0,0.0
Jamal Murray,2025,46394100.0,17.83,67,36.1,0.584,0.0,0.0
Jamal Murray,2026,50105628.0,17.83,67,36.1,0.584,0.0,0.0
Jamal Murray,2027,53817156.0,17.83,67,36.1,0.584,0.0,0.0
Jamal Murray,2028,57528684.0,17.83,67,36.1,0.584,0.0,0.0
Luka Doncic,2025,45999660.0,24.11,50,35.4,0.587,0.0,0.0
Luka Doncic,2026,48967380.0,24.11,50,35.4,0.587,0.0,0.0
Luka Doncic,2027,,24.11,50,35.4,0.587,0.0,0.0
Luka Doncic,2028,,24.11,50,35.4,0.587,0.0,0.0
Trae Young,2025,45999660.0,18.37,76,36.0,0.567,0.0,0.0
Trae Young,2026,48967380.0,18.37,76,36.0,0.567,0.0,0.0
Trae Young,2027,,18.37,76,36.0,0.567,0.0,0.0
Trae Young,2028,,18.37,76,36.0,0.567,0.0,0.0
Pascal Siakam,2025,45550512.0,19.27,78,32.7,0.599,0.0,0.0
Pascal Siakam,2026,48924624.0,19.27,78,32.7,0.599,0.0,0.0
Pascal Siakam,2027,52298736.0,19.27,78,32.7,0.599,0.0,0.0
Pascal Siakam,2028,,19.27,78,32.7,0.599,0.0,0.0
Anthony Edwards,2025,45550512.0,20.16,79,36.3,0.595,0.0,0.0
Anthony Edwards,2026,48924624.0,20.16,79,36.3,0.595,0.0,0.0
Anthony Edwards,2027,52298736.0,20.16,79,36.3,0.595,0.0,0.0
Anthony Edwards,2028,55672848.0,20.16,79,36.3,0.595,0.0,0.0
Domantas Sabonis,2025,42336000.0,22.99,70,34.7,0.655,0.0,0.0
Domantas Sabonis,2026,45472000.0,22.99,70,34.7,0.655,0.0,0.0
Domantas Sabonis,2027,48608000.0,22.99,70,34.7,0.655,0.0,0.0
Domantas Sabonis,2028,,22.99,70,34.7,0.655,0.0,0.0
OG Anunoby,2025,39568966.0,15.41,74,36.6,0.591,0.0,0.0
OG Anunoby,2026,42500000.0,15.41,74,36.6,0.591,0.0,0.0
OG Anunoby,2027,45431034.0,15.41,74,36.6,0.591,0.0,0.0
OG Anunoby,2028,48362068.0,15.41,74,36.6,0.591,0.0,0.0
Zion Williamson,2025,39446090.0,27.43,30,28.6,0.6,0.0,0.0
Zion Williamson,2026,42166510.0,27.43,30,28.6,0.6,0.0,0.0
Zion Williamson,2027,44886930.0,27.43,30,28.6,0.6,0.0,0.0
Zion Williamson,2028,,27.43,30,28.6,0.6,0.0,0.0
Ja Morant,2025,39446090.0,19.41,50,30.4,0.563,0.0,0.0
Ja Morant,2026,42166510.0,19.41,50,30.4,0.563,0.0,0.0
Ja Morant,2027,44886930.0,19.41,50,30.4,0.563,0.0,0.0
Ja Morant,2028,,19.41,50,30.4,0.563,0.0,0.0
Darius Garland,2025,39446090.0,19.98,75,30.7,0.6,0.0,0.0
Darius Garland,2026,42166510.0,19.98,75,30.7,0.6,0.0,0.0
Darius Garland,2027,44886930.0,19.98,75,30.7,0.6,0.0,0.0
Darius Garland,2028,,19.98,75,30.7,0.6,0.0,0.0
James Harden,2025,39182693.0,20.0,79,35.3,0.582,0.0,0.0
James Harden,2026,42317307.0,20.0,79,35.3,0.582,0.0,0.0
James Harden,2027,,20.0,79,35.3,0.582,0.0,0.0
James Harden,2028,,20.0,79,35.3,0.582,0.0,0.0
Scottie Barnes,2025,38661700.0,17.84,65,32.8,0.523,0.0,0.0
Scottie Barnes,2026,41754636.0,17.84,65,32.8,0.523,0.0,0.0
Scottie Barnes,2027,44847572.0,17.84,65,32.8,0.523,0.0,0.0
Scottie Barnes,2028,47940508.0,17.84,65,32.8,0.523,0.0,0.0
Franz Wagner,2025,38661700.0,20.21,60,33.7,0.558,0.0,0.0
Franz Wagner,2026,41754636.0,20.21,60,33.7,0.558,0.0,0.0
Franz Wagner,2027,44847572.0,20.21,60,33.7,0.558,0.0,0.0
Franz Wagner,2028,47940508.0,20.21,60,33.7,0.558,0.0,0.0
Brandon Ingram,2025,38095238.0,16.11,18,33.1,0.56,0.0,0.0
Brandon Ingram,2026,40000000.0,16.11,18,33.1,0.56,0.0,0.0
Brandon Ingram,2027,41904762.0,16.11,18,33.1,0.56,0.0,0.0
Brandon Ingram,2028,,16.11,18,33.1,0.56,0.0,0.0
LaMelo Ball,2025,37958760.0,19.21,47,32.0,0.536,0.0,0.0
LaMelo Ball,2026,40770520.0,19.21,47,32.0,0.536,0.0,0.0
LaMelo Ball,2027,43582280.0,19.21,47,32.0,0.536,0.0,0.0
LaMelo Ball,2028,46394040.0,19.21,47,32.0,0.536,0.0,0.0
Tyrese Maxey,2025,37958760.0,19.58,52,37.7,0.562,0.0,0.0
Tyrese Maxey,2026,40770520.0,19.58,52,37.7,0.562,0.0,0.0
Tyrese Maxey,2027,43582280.0,19.58,52,37.7,0.562,0.0,0.0
Tyrese Maxey,2028,46394040.0,19.58,52,37.7,0.562,0.0,0.0
De'Aaron Fox,2025,37096620.0,18.38,62,36.1,0.56,0.0,0.0
De'Aaron Fox,2026,,18.38,62,36.1,0.56,0.0,0.0
De'Aaron Fox,2027,,18.38,62,36.1,0.56,0.0,0.0
De'Aaron Fox,2028,,18.38,62,36.1,0.56,0.0,0.0
Bam Adebayo,2025,37096620.0,18.94,78,34.3,0.561,332.8,11.1
Bam Adebayo,2026,51935268.0,18.94,78,34.3,0.561,332.8,11.1
Bam Adebayo,2027,56090089.0,18.94,78,34.3,0.561,332.8,11.1
Bam Adebayo,2028,60244910.0,18.94,78,34.3,0.561,332.8,11.1
Desmond Bane,2025,36725670.0,17.91,69,32.0,0.6,0.0,0.0
Desmond Bane,2026,39446090.0,17.91,69,32.0,0.6,0.0,0.0
Desmond Bane,2027,42166510.0,17.91,69,32.0,0.6,0.0,0.0
Desmond Bane,2028,44886930.0,17.91,69,32.0,0.6,0.0,0.0
Kyrie Irving,2025,36566002.0,19.92,50,36.1,0.594,0.0,0.0
Kyrie Irving,2026,39491282.0,19.92,50,36.1,0.594,0.0,0.0
Kyrie Irving,2027,42416562.0,19.92,50,36.1,0.594,0.0,0.0
Kyrie Irving,2028,,19.92,50,36.1,0.594,0.0,0.0
Rudy Gobert,2025,35000000.0,18.28,72,33.2,0.687,273.6,9.1
Rudy Gobert,2026,36500000.0,18.28,72,33.2,0.687,273.6,9.1
Rudy Gobert,2027,38000000.0,18.28,72,33.2,0.687,273.6,9.1
Rudy Gobert,2028,,18.28,72,33.2,0.687,273.6,9.1
Jalen Suggs,2025,35000000.0,14.42,35,28.6,0.536,0.0,0.0
Jalen Suggs,2026,32400000.0,14.42,35,28.6,0.536,0.0,0.0
Jalen Suggs,2027,29600000.0,14.42,35,28.6,0.536,0.0,0.0
Jalen Suggs,2028,26800000.0,14.42,35,28.6,0.536,0.0,0.0
Jalen Brunson,2025,34944001.0,21.66,65,35.4,0.605,0.0,0.0
Jalen Brunson,2026,37739521.0,21.66,65,35.4,0.605,0.0,0.0
Jalen Brunson,2027,40535041.0,21.66,65,35.4,0.605,0.0,0.0
Jalen Brunson,2028,43330561.0,21.66,65,35.4,0.605,0.0,0.0
Alperen Sengun,2025,33944954.0,21.47,76,31.5,0.545,388.5,13.0
Alperen Sengun,2026,35642202.0,21.47,76,31.5,0.545,388.5,13.0
Alperen Sengun,2027,37339450.0,21.47,76,31.5,0.545,388.5,13.0
Alperen Sengun,2028,39036697.0,21.47,76,31.5,0.545,388.5,13.0
Khris Middleton,2025,33345679.0,16.79,37,22.8,0.588,0.0,0.0
Khris Middleton,2026,,16.79,37,22.8,0.588,0.0,0.0
Khris Middleton,2027,,16.79,37,22.8,0.588,0.0,0.0
Khris Middleton,2028,,16.79,37,22.8,0.588,0.0,0.0
Jalen Green,2025,33333333.0,15.15,82,32.9,0.544,0.0,0.0
Jalen Green,2026,36000000.0,15.15,82,32.9,0.544,0.0,0.0
Jalen Green,2027,36000000.0,15.15,82,32.9,0.544,0.0,0.0
Jalen Green,2028,,15.15,82,32.9,0.544,0.0,0.0
Jrue Holiday,2025,32400000.0,13.53,62,30.6,0.565,0.0,0.0
Jrue Holiday,2026,34800000.0,13.53,62,30.6,0.565,0.0,0.0
Jrue Holiday,2027,37200000.0,13.53,62,30.6,0.565,0.0,0.0
Jrue Holiday,2028,,13.53,62,30.6,0.565,0.0,0.0
Jerami Grant,2025,32000001.0,10.92,47,32.4,0.523,0.0,0.0
Jerami Grant,2026,34206898.0,10.92,47,32.4,0.523,0.0,0.0
Jerami Grant,2027,36413790.0,10.92,47,32.4,0.523,0.0,0.0
Jerami Grant,2028,,10.92,47,32.4,0.523,0.0,0.0
Jordan Poole,2025,31848215.0,16.71,68,29.4,0.591,0.0,0.0
Jordan Poole,2026,34044642.0,16.71,68,29.4,0.591,0.0,0.0
Jordan Poole,2027,,16.71,68,29.4,0.591,0.0,0.0
Jordan Poole,2028,,16.71,68,29.4,0.591,0.0,0.0
Tyler Herro,2025,31000000.0,19.73,77,35.4,0.605,0.0,0.0
Tyler Herro,2026,33000000.0,19.73,77,35.4,0.605,0.0,0.0
Tyler Herro,2027,,19.73,77,35.4,0.605,0.0,0.0
Tyler Herro,2028,,19.73,77,35.4,0.605,0.0,0.0
Julius Randle,2025,30864198.0,17.55,69,32.3,0.593,0.0,0.0
Julius Randle,2026,33333334.0,17.55,69,32.3,0.593,0.0,0.0
Julius Randle,2027,35802468.0,17.55,69,32.3,0.593,0.0,0.0
Julius Randle,2028,,17.55,69,32.3,0.593,0.0,0.0
Dejounte Murray,2025,30801103.0,15.45,31,32.6,0.494,0.0,0.0
Dejounte Murray,2026,32785071.0,15.45,31,32.6,0.494,0.0,0.0
Dejounte Murray,2027,30751504.0,15.45,31,32.6,0.494,0.0,0.0
Dejounte Murray,2028,,15.45,31,32.6,0.494,0.0,0.0
CJ McCollum,2025,30666666.0,15.84,56,32.7,0.55,0.0,0.0
CJ McCollum,2026,,15.84,56,32.7,0.55,0.0,0.0
CJ McCollum,2027,,15.84,56,32.7,0.55,0.0,0.0
CJ McCollum,2028,,15.84,56,32.7,0.55,0.0,0.0
Jalen Johnson,2025,30000000.0,17.37,36,35.7,0.569,0.0,0.0
Jalen Johnson,2026,30000000.0,17.37,36,35.7,0.569,0.0,0.0
Jalen Johnson,2027,30000000.0,17.37,36,35.7,0.569,0.0,0.0
Jalen Johnson,2028,30000000.0,17.37,36,35.7,0.569,0.0,0.0
Andrew Wiggins,2025,28223215.0,16.42,60,30.7,0.566,0.0,0.0
Andrew Wiggins,2026,30169644.0,16.42,60,30.7,0.566,0.0,0.0
Andrew Wiggins,2027,,16.42,60,30.7,0.566,0.0,0.0
Andrew Wiggins,2028,,16.42,60,30.7,0.566,0.0,0.0
Derrick White,2025,28100000.0,16.63,76,33.9,0.606,0.0,0.0
Derrick White,2026,30348000.0,16.63,76,33.9,0.606,0.0,0.0
Derrick White,2027,32596000.0,16.63,76,33.9,0.606,0.0,0.0
Derrick White,2028,34844000.0,16.63,76,33.9,0.606,0.0,0.0
RJ Barrett,2025,27705357.0,16.54,58,32.2,0.547,0.0,0.0
RJ Barrett,2026,29616071.0,16.54,58,32.2,0.547,0.0,0.0
RJ Barrett,2027,,16.54,58,32.2,0.547,0.0,0.0
RJ Barrett,2028,,16.54,58,32.2,0.547,0.0,0.0
Anfernee Simons,2025,27678571.0,14.91,70,32.7,0.557,0.0,0.0
Anfernee Simons,2026,,14.91,70,32.7,0.557,0.0,0.0
Anfernee Simons,2027,,14.91,70,32.7,0.557,0.0,0.0
Anfernee Simons,2028,,14.91,70,32.7,0.557,0.0,0.0
Devin Vassell,2025,27000000.0,14.23,64,31.0,0.553,0.0,0.0
Devin Vassell,2026,27000000.0,14.23,64,31.0,0.553,0.0,0.0
Devin Vassell,2027,24652174.0,14.23,64,31.0,0.553,0.0,0.0
Devin Vassell,2028,27000000.0,14.23,64,31.0,0.553,0.0,0.0
Terry Rozier,2025,26643031.0,10.57,64,25.9,0.497,0.0,0.0
Terry Rozier,2026,,10.57,64,25.9,0.497,0.0,0.0
Terry Rozier,2027,,10.57,64,25.9,0.497,0.0,0.0
Terry Rozier,2028,,10.57,64,25.9,0.497,0.0,0.0
Tobias Harris,2025,26634146.0,13.93,73,31.6,0.571,0.0,0.0
Tobias Harris,2026,,13.93,73,31.6,0.571,0.0,0.0
Tobias Harris,2027,,13.93,73,31.6,0.571,0.0,0.0
Tobias Harris,2028,,13.93,73,31.6,0.571,0.0,0.0
John Collins,2025,26580000.0,19.01,40,30.5,0.628,0.0,0.0
John Collins,2026,,19.01,40,30.5,0.628,0.0,0.0
John Collins,2027,,19.01,40,30.5,0.628,0.0,0.0
John Collins,2028,,19.01,40,30.5,0.628,0.0,0.0
Draymond Green,2025,25892857.0,12.39,68,29.2,0.534,0.0,0.0
Draymond Green,2026,27678571.0,12.39,68,29.2,0.534,0.0,0.0
Draymond Green,2027,,12.39,68,29.2,0.534,0.0,0.0
Draymond Green,2028,,12.39,68,29.2,0.534,0.0,0.0
Deandre Ayton,2025,25550814.0,17.71,40,30.2,0.583,128.0,4.3
Deandre Ayton,2026,,17.71,40,30.2,0.583,128.0,4.3
Deandre Ayton,2027,,17.71,40,30.2,0.583,128.0,4.3
Deandre Ayton,2028,,17.71,40,30.2,0.583,128.0,4.3
Myles Turner,2025,25318251.0,16.18,72,30.2,0.612,174.4,5.8
Myles Turner,2026,26584164.0,16.18,72,30.2,0.612,174.4,5.8
Myles Turner,2027,27850077.0,16.18,72,30.2,0.612,174.4,5.8
Myles Turner,2028,29115990.0,16.18,72,30.2,0.612,174.4,5.8
Fred VanVleet,2025,25000000.0,12.83,60,35.2,0.515,0.0,0.0
Fred VanVleet,2026,25000000.0,12.83,60,35.2,0.515,0.0,0.0
Fred VanVleet,2027,,12.83,60,35.2,0.515,0.0,0.0
Fred VanVleet,2028,,12.83,60,35.2,0.515,0.0,0.0
Miles Bridges,2025,25000000.0,17.77,64,31.7,0.541,0.0,0.0
Miles Bridges,2026,22826087.0,17.77,64,31.7,0.541,0.0,0.0
Miles Bridges,2027,,17.77,64,31.7,0.541,0.0,0.0
Miles Bridges,2028,,17.77,64,31.7,0.541,0.0,0.0
Mikal Bridges,2025,24900000.0,14.09,82,37.0,0.585,0.0,0.0
Mikal Bridges,2026,,14.09,82,37.0,0.585,0.0,0.0
Mikal Bridges,2027,,14.09,82,37.0,0.585,0.0,0.0
Mikal Bridges,2028,,14.09,82,37.0,0.585,0.0,0.0
DeMar DeRozan,2025,24570000.0,17.8,77,35.9,0.569,0.0,0.0
DeMar DeRozan,2026,25740000.0,17.8,77,35.9,0.569,0.0,0.0
DeMar DeRozan,2027,,17.8,77,35.9,0.569,0.0,0.0
DeMar DeRozan,2028,,17.8,77,35.9,0.569,0.0,0.0
Jaden McDaniels,2025,24393104.0,13.29,82,31.9,0.562,0.0,0.0
Jaden McDaniels,2026,25750001.0,13.29,82,31.9,0.562,0.0,0.0
Jaden McDaniels,2027,28006898.0,13.29,82,31.9,0.562,0.0,0.0
Jaden McDaniels,2028,29813790.0,13.29,82,31.9,0.562,0.0,0.0
De'Andre Hunter,2025,23303571.0,15.99,64,27.2,0.623,0.0,0.0
De'Andre Hunter,2026,24910714.0,15.99,64,27.2,0.623,0.0,0.0
De'Andre Hunter,2027,,15.99,64,27.2,0.623,0.0,0.0
De'Andre Hunter,2028,,15.99,64,27.2,0.623,0.0,0.0
Aaron Gordon,2025,22841455.0,17.05,51,28.4,0.65,0.0,0.0
Aaron Gordon,2026,31978037.0,17.05,51,28.4,0.65,0.0,0.0
Aaron Gordon,2027,34536280.0,17.05,51,28.4,0.65,0.0,0.0
Aaron Gordon,2028,37094523.0,17.05,51,28.4,0.65,0.0,0.0
Damian Lillard,2025,22516603.0,21.35,58,36.1,0.621,0.0,0.0
Damian Lillard,2026,22516603.0,21.35,58,36.1,0.621,0.0,0.0
Damian Lillard,2027,22516603.0,21.35,58,36.1,0.621,0.0,0.0
Damian Lillard,2028,22516603.0,21.35,58,36.1,0.621,0.0,0.0
Kyle Kuzma,2025,22410605.0,10.61,65,29.8,0.514,0.0,0.0
Kyle Kuzma,2026,20345152.0,10.61,65,29.8,0.514,0.0,0.0
Kyle Kuzma,2027,,10.61,65,29.8,0.514,0.0,0.0
Kyle Kuzma,2028,,10.61,65,29.8,0.514,0.0,0.0
Dillon Brooks,2025,22124110.0,11.03,75,31.8,0.555,0.0,0.0
Dillon Brooks,2026,20992727.0,11.03,75,31.8,0.555,0.0,0.0
Dillon Brooks,2027,,11.03,75,31.8,0.555,0.0,0.0
Dillon Brooks,2028,,11.03,75,31.8,0.555,0.0,0.0
Naz Reid,2025,21551724.0,15.89,80,27.5,0.577,173.8,5.8
Naz Reid,2026,23275862.0,15.89,80,27.5,0.577,173.8,5.8
Naz Reid,2027,25000000.0,15.89,80,27.5,0.577,173.8,5.8
Naz Reid,2028,26724138.0,15.89,80,27.5,0.577,173.8,5.8
Nikola Vucevic,2025,21481481.0,20.33,73,31.2,0.611,330.9,11.0
Nikola Vucevic,2026,,20.33,73,31.2,0.611,330.9,11.0
Nikola Vucevic,2027,,20.33,73,31.2,0.611,330.9,11.0
Nikola Vucevic,2028,,20.33,73,31.2,0.611,330.9,11.0
Cameron Johnson,2025,21057065.0,18.3,57,31.6,0.632,0.0,0.0
Cameron Johnson,2026,23062500.0,18.3,57,31.6,0.632,0.0,0.0
Cameron Johnson,2027,,18.3,57,31.6,0.632,0.0,0.0
Cameron Johnson,2028,,18.3,57,31.6,0.632,0.0,0.0
Norman Powell,2025,20482758.0,17.54,60,32.6,0.615,0.0,0.0
Norman Powell,2026,,17.54,60,32.6,0.615,0.0,0.0
Norman Powell,2027,,17.54,60,32.6,0.615,0.0,0.0
Norman Powell,2028,,17.54,60,32.6,0.615,0.0,0.0
Jarrett Allen,2025,20000000.0,22.1,82,28.0,0.724,394.0,13.1
Jarrett Allen,2026,28000000.0,22.1,82,28.0,0.724,394.0,13.1
Jarrett Allen,2027,30240000.0,22.1,82,28.0,0.724,394.0,13.1
Jarrett Allen,2028,32480000.0,22.1,82,28.0,0.724,394.0,13.1
Jakob Poeltl,2025,19500000.0,20.07,57,29.6,0.641,233.4,7.8
Jakob Poeltl,2026,19500000.0,20.07,57,29.6,0.641,233.4,7.8
Jakob Poeltl,2027,27300000.0,20.07,57,29.6,0.641,233.4,7.8
Jakob Poeltl,2028,29484000.0,20.07,57,29.6,0.641,233.4,7.8
Josh Hart,2025,19472240.0,16.49,77,37.6,0.611,0.0,0.0
Josh Hart,2026,20923760.0,16.49,77,37.6,0.611,0.0,0.0
Josh Hart,2027,22375280.0,16.49,77,37.6,0.611,0.0,0.0
Josh Hart,2028,,16.49,77,37.6,0.611,0.0,0.0
Bradley Beal,2025,19383010.0,15.25,53,32.1,0.598,0.0,0.0
Bradley Beal,2026,19383010.0,15.25,53,32.1,0.598,0.0,0.0
Bradley Beal,2027,19383010.0,15.25,53,32.1,0.598,0.0,0.0
Bradley Beal,2028,19383010.0,15.25,53,32.1,0.598,0.0,0.0
Jusuf Nurkic,2025,19375000.0,15.24,51,20.8,0.555,73.6,2.5
Jusuf Nurkic,2026,,15.24,51,20.8,0.555,73.6,2.5
Jusuf Nurkic,2027,,15.24,51,20.8,0.555,73.6,2.5
Jusuf Nurkic,2028,,15.24,51,20.8,0.555,73.6,2.5
Harrison Barnes,2025,19000000.0,14.9,82,27.2,0.656,0.0,0.0
Harrison Barnes,2026,,14.9,82,27.2,0.656,0.0,0.0
Harrison Barnes,2027,,14.9,82,27.2,0.656,0.0,0.0
Harrison Barnes,2028,,14.9,82,27.2,0.656,0.0,0.0
Collin Sexton,2025,18975000.0,16.68,63,27.9,0.593,0.0,0.0
Collin Sexton,2026,,16.68,63,27.9,0.593,0.0,0.0
Collin Sexton,2027,,16.68,63,27.9,0.593,0.0,0.0
Collin Sexton,2028,,16.68,63,27.9,0.593,0.0,0.0
Malik Monk,2025,18797619.0,15.01,65,31.6,0.549,0.0,0.0
Malik Monk,2026,20190035.0,15.01,65,31.6,0.549,0.0,0.0
Malik Monk,2027,21582451.0,15.01,65,31.6,0.549,0.0,0.0
Malik Monk,2028,,15.01,65,31.6,0.549,0.0,0.0
Rui Hachimura,2025,18259259.0,13.61,59,31.7,0.619,0.0,0.0
Rui Hachimura,2026,,13.61,59,31.7,0.619,0.0,0.0
Rui Hachimura,2027,,13.61,59,31.7,0.619,0.0,0.0
Rui Hachimura,2028,,13.61,59,31.7,0.619,0.0,0.0
Luguentz Dort,2025,18222222.0,11.3,71,29.2,0.586,0.0,0.0
Luguentz Dort,2026,18222222.0,11.3,71,29.2,0.586,0.0,0.0
Luguentz Dort,2027,,11.3,71,29.2,0.586,0.0,0.0
Luguentz Dort,2028,,11.3,71,29.2,0.586,0.0,0.0
Alex Caruso,2025,18102100.0,15.91,54,19.3,0.568,0.0,0.0
Alex Caruso,2026,19550160.0,15.91,54,19.3,0.568,0.0,0.0
Alex Caruso,2027,20998320.0,15.91,54,19.3,0.568,0.0,0.0
Alex Caruso,2028,22446480.0,15.91,54,19.3,0.568,0.0,0.0
Andrew Nembhard,2025,18102000.0,11.71,65,28.9,0.545,0.0,0.0
Andrew Nembhard,2026,19550160.0,11.71,65,28.9,0.545,0.0,0.0
Andrew Nembhard,2027,20998320.0,11.71,65,28.9,0.545,0.0,0.0
Andrew Nembhard,2028,,11.71,65,28.9,0.545,0.0,0.0
Ivica Zubac,2025,18102000.0,22.38,80,32.8,0.641,461.3,15.4
Ivica Zubac,2026,19550160.0,22.38,80,32.8,0.641,461.3,15.4
Ivica Zubac,2027,20998320.0,22.38,80,32.8,0.641,461.3,15.4
Ivica Zubac,2028,,22.38,80,32.8,0.641,461.3,15.4
Zach Collins,2025,18080496.0,16.04,64,15.3,0.605,0.0,0.0
Zach Collins,2026,,16.04,64,15.3,0.605,0.0,0.0
Zach Collins,2027,,16.04,64,15.3,0.605,0.0,0.0
Zach Collins,2028,,16.04,64,15.3,0.605,0.0,0.0
Patrick Williams,2025,18000000.0,9.01,63,25.0,0.512,0.0,0.0
Patrick Williams,2026,18000000.0,9.01,63,25.0,0.512,0.0,0.0
Patrick Williams,2027,18000000.0,9.01,63,25.0,0.512,0.0,0.0
Patrick Williams,2028,18000000.0,9.01,63,25.0,0.512,0.0,0.0
Kevin Huerter,2025,17991071.0,11.31,69,24.3,0.544,0.0,0.0
Kevin Huerter,2026,,11.31,69,24.3,0.544,0.0,0.0
Kevin Huerter,2027,,11.31,69,24.3,0.544,0.0,0.0
Kevin Huerter,2028,,11.31,69,24.3,0.544,0.0,0.0
Keldon Johnson,2025,17500000.0,15.64,77,23.9,0.572,0.0,0.0
Keldon Johnson,2026,17500000.0,15.64,77,23.9,0.572,0.0,0.0
Keldon Johnson,2027,,15.64,77,23.9,0.572,0.0,0.0
Keldon Johnson,2028,,15.64,77,23.9,0.572,0.0,0.0
Grayson Allen,2025,16875000.0,13.71,64,24.1,0.631,0.0,0.0
Grayson Allen,2026,18125000.0,13.71,64,24.1,0.631,0.0,0.0
Grayson Allen,2027,19375000.0,13.71,64,24.1,0.631,0.0,0.0
Grayson Allen,2028,,13.71,64,24.1,0.631,0.0,0.0
Duncan Robinson,2025,16834692.0,11.86,74,24.1,0.595,0.0,0.0
Duncan Robinson,2026,15992957.0,11.86,74,24.1,0.595,0.0,0.0
Duncan Robinson,2027,15151222.0,11.86,74,24.1,0.595,0.0,0.0
Duncan Robinson,2028,,11.86,74,24.1,0.595,0.0,0.0
Klay Thompson,2025,16666667.0,12.95,72,27.3,0.552,0.0,0.0
Klay Thompson,2026,17460317.0,12.95,72,27.3,0.552,0.0,0.0
Klay Thompson,2027,,12.95,72,27.3,0.552,0.0,0.0
Klay Thompson,2028,,12.95,72,27.3,0.552,0.0,0.0
Max Strus,2025,15936452.0,12.61,50,25.5,0.607,0.0,0.0
Max Strus,2026,16660836.0,12.61,50,25.5,0.607,0.0,0.0
Max Strus,2027,,12.61,50,25.5,0.607,0.0,0.0
Max Strus,2028,,12.61,50,25.5,0.607,0.0,0.0
Terance Mann,2025,15500000.0,12.07,67,21.1,0.584,0.0,0.0
Terance Mann,2026,15500000.0,12.07,67,21.1,0.584,0.0,0.0
Terance Mann,2027,16000000.0,12.07,67,21.1,0.584,0.0,0.0
Terance Mann,2028,,12.07,67,21.1,0.584,0.0,0.0
Paolo Banchero,2025,15334769.0,20.11,46,34.4,0.551,0.0,0.0
Paolo Banchero,2026,41250000.0,20.11,46,34.4,0.551,0.0,0.0
Paolo Banchero,2027,44550000.0,20.11,46,34.4,0.551,0.0,0.0
Paolo Banchero,2028,47850000.0,20.11,46,34.4,0.551,0.0,0.0
Isaiah Stewart,2025,15000000.0,14.62,72,19.9,0.616,86.0,2.9
Isaiah Stewart,2026,15000000.0,14.62,72,19.9,0.616,86.0,2.9
Isaiah Stewart,2027,15000000.0,14.62,72,19.9,0.616,86.0,2.9
Isaiah Stewart,2028,,14.62,72,19.9,0.616,86.0,2.9
Onyeka Okongwu,2025,15000000.0,19.06,74,27.9,0.634,0.0,0.0
Onyeka Okongwu,2026,16120000.0,19.06,74,27.9,0.634,0.0,0.0
Onyeka Okongwu,2027,16880000.0,19.06,74,27.9,0.634,0.0,0.0
Onyeka Okongwu,2028,,19.06,74,27.9,0.634,0.0,0.0
Jonathan Isaac,2025,15000000.0,16.58,71,15.4,0.512,0.0,0.0
Jonathan Isaac,2026,14500000.0,16.58,71,15.4,0.512,0.0,0.0
Jonathan Isaac,2027,14500000.0,16.58,71,15.4,0.512,0.0,0.0
Jonathan Isaac,2028,15000000.0,16.58,71,15.4,0.512,0.0,0.0
Marcus Smart,2025,14786855.0,12.44,34,20.0,0.529,0.0,0.0
Marcus Smart,2026,,12.44,34,20.0,0.529,0.0,0.0
Marcus Smart,2027,,12.44,34,20.0,0.529,0.0,0.0
Marcus Smart,2028,,12.44,34,20.0,0.529,0.0,0.0
Daniel Gafford,2025,14386320.0,24.78,57,21.5,0.716,259.5,8.7
Daniel Gafford,2026,17263584.0,24.78,57,21.5,0.716,259.5,8.7
Daniel Gafford,2027,18126763.0,24.78,57,21.5,0.716,259.5,8.7
Daniel Gafford,2028,18989942.0,24.78,57,21.5,0.716,259.5,8.7
Deni Avdija,2025,14375000.0,17.7,72,30.0,0.605,0.0,0.0
Deni Avdija,2026,13125000.0,17.7,72,30.0,0.605,0.0,0.0
Deni Avdija,2027,11875000.0,17.7,72,30.0,0.605,0.0,0.0
Deni Avdija,2028,,17.7,72,30.0,0.605,0.0,0.0
Steven Adams,2025,14130434.0,16.65,58,13.7,0.541,71.7,2.4
Steven Adams,2026,13000000.0,16.65,58,13.7,0.541,71.7,2.4
Steven Adams,2027,11869566.0,16.65,58,13.7,0.541,71.7,2.4
Steven Adams,2028,,16.65,58,13.7,0.541,71.7,2.4
Caris LeVert,2025,14104000.0,15.2,64,24.9,0.582,0.0,0.0
Caris LeVert,2026,14809200.0,15.2,64,24.9,0.582,0.0,0.0
Caris LeVert,2027,,15.2,64,24.9,0.582,0.0,0.0
Caris LeVert,2028,,15.2,64,24.9,0.582,0.0,0.0
Obi Toppin,2025,14000000.0,17.45,79,19.6,0.642,0.0,0.0
Obi Toppin,2026,15000000.0,17.45,79,19.6,0.642,0.0,0.0
Obi Toppin,2027,16025000.0,17.45,79,19.6,0.642,0.0,0.0
Obi Toppin,2028,,17.45,79,19.6,0.642,0.0,0.0
Corey Kispert,2025,13975000.0,11.07,61,26.3,0.584,0.0,0.0
Corey Kispert,2026,13975000.0,11.07,61,26.3,0.584,0.0,0.0
Corey Kispert,2027,13050000.0,11.07,61,26.3,0.584,0.0,0.0
Corey Kispert,2028,13050000.0,11.07,61,26.3,0.584,0.0,0.0
Austin Reaves,2025,13937574.0,18.17,73,34.9,0.616,0.0,0.0
Austin Reaves,2026,14898786.0,18.17,73,34.9,0.616,0.0,0.0
Austin Reaves,2027,,18.17,73,34.9,0.616,0.0,0.0
Austin Reaves,2028,,18.17,73,34.9,0.616,0.0,0.0
Chet Holmgren,2025,13731368.0,19.23,32,27.4,0.599,0.0,0.0
Chet Holmgren,2026,41250000.0,19.23,32,27.4,0.599,0.0,0.0
Chet Holmgren,2027,44550000.0,19.23,32,27.4,0.599,0.0,0.0
Chet Holmgren,2028,47850000.0,19.23,32,27.4,0.599,0.0,0.0
Josh Green,2025,13666667.0,7.87,68,27.8,0.559,0.0,0.0
Josh Green,2026,14679012.0,7.87,68,27.8,0.559,0.0,0.0
Josh Green,2027,,7.87,68,27.8,0.559,0.0,0.0
Josh Green,2028,,7.87,68,27.8,0.559,0.0,0.0
Bobby Portis,2025,13445754.0,17.77,49,25.4,0.542,129.4,4.3
Bobby Portis,2026,14521414.0,17.77,49,25.4,0.542,129.4,4.3
Bobby Portis,2027,15597074.0,17.77,49,25.4,0.542,129.4,4.3
Bobby Portis,2028,,17.77,49,25.4,0.542,129.4,4.3
Kelly Olynyk,2025,13445122.0,14.89,44,20.3,0.609,0.0,0.0
Kelly Olynyk,2026,,14.89,44,20.3,0.609,0.0,0.0
Kelly Olynyk,2027,,14.89,44,20.3,0.609,0.0,0.0
Kelly Olynyk,2028,,14.89,44,20.3,0.609,0.0,0.0
Coby White,2025,12888889.0,15.57,74,33.1,0.601,0.0,0.0
Coby White,2026,,15.57,74,33.1,0.601,0.0,0.0
Coby White,2027,,15.57,74,33.1,0.601,0.0,0.0
Coby White,2028,,15.57,74,33.1,0.601,0.0,0.0
Brandon Clarke,2025,12500000.0,17.6,64,18.9,0.638,0.0,0.0
Brandon Clarke,2026,12500000.0,17.6,64,18.9,0.638,0.0,0.0
Brandon Clarke,2027,,17.6,64,18.9,0.638,0.0,0.0
Brandon Clarke,2028,,17.6,64,18.9,0.638,0.0,0.0
Isaiah Joe,2025,12362338.0,13.99,74,21.7,0.617,0.0,0.0
Isaiah Joe,2026,11323006.0,13.99,74,21.7,0.617,0.0,0.0
Isaiah Joe,2027,11323006.0,13.99,74,21.7,0.617,0.0,0.0
Isaiah Joe,2028,,13.99,74,21.7,0.617,0.0,0.0
Donte DiVincenzo,2025,11990000.0,14.15,62,25.9,0.582,0.0,0.0
Donte DiVincenzo,2026,12535000.0,14.15,62,25.9,0.582,0.0,0.0
Donte DiVincenzo,2027,,14.15,62,25.9,0.582,0.0,0.0
Donte DiVincenzo,2028,,14.15,62,25.9,0.582,0.0,0.0
Brandon Miller,2025,11968400.0,14.05,27,34.2,0.54,44.8,1.5
Brandon Miller,2026,15104121.0,14.05,27,34.2,0.54,44.8,1.5
Brandon Miller,2027,21221290.0,14.05,27,34.2,0.54,44.8,1.5
Brandon Miller,2028,,14.05,27,34.2,0.54,44.8,1.5
Alex Sarr,2025,11808240.0,12.99,67,27.1,0.482,0.0,0.0
Alex Sarr,2026,12370680.0,12.99,67,27.1,0.482,0.0,0.0
Alex Sarr,2027,15611798.0,12.99,67,27.1,0.482,0.0,0.0
Alex Sarr,2028,21934576.0,12.99,67,27.1,0.482,0.0,0.0
Davion Mitchell,2025,11600000.0,10.27,74,27.4,0.573,0.0,0.0
Davion Mitchell,2026,12400000.0,10.27,74,27.4,0.573,0.0,0.0
Davion Mitchell,2027,,10.27,74,27.4,0.573,0.0,0.0
Davion Mitchell,2028,,10.27,74,27.4,0.573,0.0,0.0
Moses Moody,2025,11574075.0,12.4,74,22.3,0.578,0.0,0.0
Moses Moody,2026,12500000.0,12.4,74,22.3,0.578,0.0,0.0
Moses Moody,2027,13425925.0,12.4,74,22.3,0.578,0.0,0.0
Moses Moody,2028,,12.4,74,22.3,0.578,0.0,0.0
Gabe Vincent,2025,11500000.0,7.44,72,21.2,0.536,0.0,0.0
Gabe Vincent,2026,,7.44,72,21.2,0.536,0.0,0.0
Gabe Vincent,2027,,7.44,72,21.2,0.536,0.0,0.0
Gabe Vincent,2028,,7.44,72,21.2,0.536,0.0,0.0
Keegan Murray,2025,11144093.0,12.02,76,34.3,0.553,0.0,0.0
Keegan Murray,2026,14699059.0,12.02,76,34.3,0.553,0.0,0.0
Keegan Murray,2027,,12.02,76,34.3,0.553,0.0,0.0
Keegan Murray,2028,,12.02,76,34.3,0.553,0.0,0.0
Josh Giddey,2025,11142057.0,18.09,70,30.2,0.57,0.0,0.0
Josh Giddey,2026,,18.09,70,30.2,0.57,0.0,0.0
Josh Giddey,2027,,18.09,70,30.2,0.57,0.0,0.0
Josh Giddey,2028,,18.09,70,30.2,0.57,0.0,0.0
Isaac Okoro,2025,11000000.0,10.71,55,19.1,0.587,0.0,0.0
Isaac Okoro,2026,11814814.0,10.71,55,19.1,0.587,0.0,0.0
Isaac Okoro,2027,,10.71,55,19.1,0.587,0.0,0.0
Isaac Okoro,2028,,10.71,55,19.1,0.587,0.0,0.0
Luke Kennard,2025,11000000.0,13.59,65,22.6,0.631,0.0,0.0
Luke Kennard,2026,,13.59,65,22.6,0.631,0.0,0.0
Luke Kennard,2027,,13.59,65,22.6,0.631,0.0,0.0
Luke Kennard,2028,,13.59,65,22.6,0.631,0.0,0.0
Luke Kornet,2025,11000000.0,19.64,73,18.6,0.683,179.5,6.0
Luke Kornet,2026,10450000.0,19.64,73,18.6,0.683,179.5,6.0
Luke Kornet,2027,9900000.0,19.64,73,18.6,0.683,179.5,6.0
Luke Kornet,2028,9350000.0,19.64,73,18.6,0.683,179.5,6.0
Maxi Kleber,2025,11000000.0,5.66,34,18.7,0.489,0.0,0.0
Maxi Kleber,2026,,5.66,34,18.7,0.489,0.0,0.0
Maxi Kleber,2027,,5.66,34,18.7,0.489,0.0,0.0
Maxi Kleber,2028,,5.66,34,18.7,0.489,0.0,0.0
Aaron Nesmith,2025,11000000.0,14.65,45,24.9,0.653,0.0,0.0
Aaron Nesmith,2026,11000000.0,14.65,45,24.9,0.653,0.0,0.0
Aaron Nesmith,2027,,14.65,45,24.9,0.653,0.0,0.0
Aaron Nesmith,2028,,14.65,45,24.9,0.653,0.0,0.0
Mike Conley,2025,10774038.0,13.31,71,24.7,0.573,0.0,0.0
Mike Conley,2026,,13.31,71,24.7,0.573,0.0,0.0
Mike Conley,2027,,13.31,71,24.7,0.573,0.0,0.0
Mike Conley,2028,,13.31,71,24.7,0.573,0.0,0.0
Scoot Henderson,2025,10747994.0,12.57,66,26.7,0.54,46.6,1.6
Scoot Henderson,2026,13585465.0,12.57,66,26.7,0.54,46.6,1.6
Scoot Henderson,2027,19182676.0,12.57,66,26.7,0.54,46.6,1.6
Scoot Henderson,2028,,12.57,66,26.7,0.54,46.6,1.6
Jordan Clarkson,2025,10651561.0,14.6,37,26.0,0.54,0.0,0.0
Jordan Clarkson,2026,,14.6,37,26.0,0.54,0.0,0.0
Jordan Clarkson,2027,,14.6,37,26.0,0.54,0.0,0.0
Jordan Clarkson,2028,,14.6,37,26.0,0.54,0.0,0.0
Reed Sheppard,2025,10603560.0,9.69,52,12.6,0.465,-10.8,-0.4
Reed Sheppard,2026,11108880.0,9.69,52,12.6,0.465,-10.8,-0.4
Reed Sheppard,2027,14041624.0,9.69,52,12.6,0.465,-10.8,-0.4
Reed Sheppard,2028,19826773.0,9.69,52,12.6,0.465,-10.8,-0.4
Jonathan Kuminga,2025,10240287.0,15.8,47,24.3,0.535,0.0,0.0
Jonathan Kuminga,2026,,15.8,47,24.3,0.535,0.0,0.0
Jonathan Kuminga,2027,,15.8,47,24.3,0.535,0.0,0.0
Jonathan Kuminga,2028,,15.8,47,24.3,0.535,0.0,0.0
Royce O'Neale,2025,10125000.0,12.67,75,24.5,0.585,0.0,0.0
Royce O'Neale,2026,10875000.0,12.67,75,24.5,0.585,0.0,0.0
Royce O'Neale,2027,11625000.0,12.67,75,24.5,0.585,0.0,0.0
Royce O'Neale,2028,,12.67,75,24.5,0.585,0.0,0.0
Jaden Ivey,2025,10107163.0,14.77,30,29.9,0.569,0.0,0.0
Jaden Ivey,2026,13402098.0,14.77,30,29.9,0.569,0.0,0.0
Jaden Ivey,2027,,14.77,30,29.9,0.569,0.0,0.0
Jaden Ivey,2028,,14.77,30,29.9,0.569,0.0,0.0
Aaron Wiggins,2025,10102803.0,16.16,76,22.9,0.596,0.0,0.0
Aaron Wiggins,2026,9224300.0,16.16,76,22.9,0.596,0.0,0.0
Aaron Wiggins,2027,8345797.0,16.16,76,22.9,0.596,0.0,0.0
Aaron Wiggins,2028,8345797.0,16.16,76,22.9,0.596,0.0,0.0
Sam Hauser,2025,10044644.0,12.88,71,21.7,0.632,0.0,0.0
Sam Hauser,2026,10848215.0,12.88,71,21.7,0.632,0.0,0.0
Sam Hauser,2027,11651785.0,12.88,71,21.7,0.632,0.0,0.0
Sam Hauser,2028,12455356.0,12.88,71,21.7,0.632,0.0,0.0
Lonzo Ball,2025,10000000.0,12.2,35,22.2,0.524,0.0,0.0
Lonzo Ball,2026,10000000.0,12.2,35,22.2,0.524,0.0,0.0
Lonzo Ball,2027,,12.2,35,22.2,0.524,0.0,0.0
Lonzo Ball,2028,,12.2,35,22.2,0.524,0.0,0.0
Amen Thompson,2025,9690212.0,18.71,69,32.2,0.602,262.6,8.8
Amen Thompson,2026,12258119.0,18.71,69,32.2,0.602,262.6,8.8
Amen Thompson,2027,17394270.0,18.71,69,32.2,0.602,262.6,8.8
Amen Thompson,2028,,18.71,69,32.2,0.602,262.6,8.8
Caleb Martin,2025,9594044.0,9.64,45,27.1,0.513,0.0,0.0
Caleb Martin,2026,10001494.0,9.64,45,27.1,0.513,0.0,0.0
Caleb Martin,2027,9731351.0,9.64,45,27.1,0.513,0.0,0.0
Caleb Martin,2028,,9.64,45,27.1,0.513,0.0,0.0
Stephon Castle,2025,9560520.0,13.76,81,26.7,0.522,95.4,3.2
Stephon Castle,2026,10015920.0,13.76,81,26.7,0.522,95.4,3.2
Stephon Castle,2027,12670139.0,13.76,81,26.7,0.522,95.4,3.2
Stephon Castle,2028,17978927.0,13.76,81,26.7,0.522,95.4,3.2
Pat Connaughton,2025,9423869.0,12.18,41,14.7,0.567,0.0,0.0
Pat Connaughton,2026,,12.18,41,14.7,0.567,0.0,0.0
Pat Connaughton,2027,,12.18,41,14.7,0.567,0.0,0.0
Pat Connaughton,2028,,12.18,41,14.7,0.567,0.0,0.0
Kyle Anderson,2025,9219512.0,15.1,61,16.4,0.538,0.0,0.0
Kyle Anderson,2026,9658536.0,15.1,61,16.4,0.538,0.0,0.0
Kyle Anderson,2027,,15.1,61,16.4,0.538,0.0,0.0
Kyle Anderson,2028,,15.1,61,16.4,0.538,0.0,0.0
Buddy Hield,2025,9219512.0,12.32,82,22.7,0.56,0.0,0.0
Buddy Hield,2026,9658536.0,12.32,82,22.7,0.56,0.0,0.0
Buddy Hield,2027,10097560.0,12.32,82,22.7,0.56,0.0,0.0
Buddy Hield,2028,,12.32,82,22.7,0.56,0.0,0.0
Jalen Smith,2025,9000000.0,18.72,64,15.0,0.586,0.0,0.0
Jalen Smith,2026,9428571.0,18.72,64,15.0,0.586,0.0,0.0
Jalen Smith,2027,,18.72,64,15.0,0.586,0.0,0.0
Jalen Smith,2028,,18.72,64,15.0,0.586,0.0,0.0
Naji Marshall,2025,9000000.0,15.18,69,27.8,0.584,0.0,0.0
Naji Marshall,2026,9428571.0,15.18,69,27.8,0.584,0.0,0.0
Naji Marshall,2027,,15.18,69,27.8,0.584,0.0,0.0
Naji Marshall,2028,,15.18,69,27.8,0.584,0.0,0.0
Ty Jerome,2025,8781000.0,21.05,70,19.9,0.643,0.0,0.0
Ty Jerome,2026,9220050.0,21.05,70,19.9,0.643,0.0,0.0
Ty Jerome,2027,9659100.0,21.05,70,19.9,0.643,0.0,0.0
Ty Jerome,2028,,21.05,70,19.9,0.643,0.0,0.0
Ausar Thompson,2025,8775162.0,17.28,59,22.5,0.568,128.4,4.3
Ausar Thompson,2026,11118130.0,17.28,59,22.5,0.568,128.4,4.3
Ausar Thompson,2027,15854453.0,17.28,59,22.5,0.568,128.4,4.3
Ausar Thompson,2028,,17.28,59,22.5,0.568,128.4,4.3
Brook Lopez,2025,8750000.0,14.8,80,31.8,0.624,159.5,5.3
Brook Lopez,2026,9187500.0,14.8,80,31.8,0.624,159.5,5.3
Brook Lopez,2027,,14.8,80,31.8,0.624,159.5,5.3
Brook Lopez,2028,,14.8,80,31.8,0.624,159.5,5.3
Sam Merrill,2025,8482144.0,11.11,71,19.7,0.583,0.0,0.0
Sam Merrill,2026,9160715.0,11.11,71,19.7,0.583,0.0,0.0
Sam Merrill,2027,9839285.0,11.11,71,19.7,0.583,0.0,0.0
Sam Merrill,2028,10517856.0,11.11,71,19.7,0.583,0.0,0.0
Jaylin Williams,2025,8450704.0,16.46,47,16.7,0.594,66.2,2.2
Jaylin Williams,2026,7774648.0,16.46,47,16.7,0.594,66.2,2.2
Jaylin Williams,2027,7774648.0,16.46,47,16.7,0.594,66.2,2.2
Jaylin Williams,2028,,16.46,47,16.7,0.594,66.2,2.2
Shaedon Sharpe,2025,8399983.0,14.61,72,31.3,0.551,0.0,0.0
Shaedon Sharpe,2026,11264377.0,14.61,72,31.3,0.551,0.0,0.0
Shaedon Sharpe,2027,,14.61,72,31.3,0.551,0.0,0.0
Shaedon Sharpe,2028,,14.61,72,31.3,0.551,0.0,0.0
Goga Bitadze,2025,8333333.0,19.2,70,20.4,0.631,183.4,6.1
Goga Bitadze,2026,7608696.0,19.2,70,20.4,0.631,183.4,6.1
Goga Bitadze,2027,,19.2,70,20.4,0.631,183.4,6.1
Goga Bitadze,2028,,19.2,70,20.4,0.631,183.4,6.1
Georges Niang,2025,8200000.0,11.27,79,21.5,0.607,0.0,0.0
Georges Niang,2026,,11.27,79,21.5,0.607,0.0,0.0
Georges Niang,2027,,11.27,79,21.5,0.607,0.0,0.0
Georges Niang,2028,,11.27,79,21.5,0.607,0.0,0.0
Zeke Nnaji,2025,8177778.0,12.03,57,10.7,0.574,0.0,0.0
Zeke Nnaji,2026,7466667.0,12.03,57,10.7,0.574,0.0,0.0
Zeke Nnaji,2027,7466667.0,12.03,57,10.7,0.574,0.0,0.0
Zeke Nnaji,2028,,12.03,57,10.7,0.574,0.0,0.0
KJ Martin,2025,8025000.0,10.21,43,21.2,0.618,0.0,0.0
KJ Martin,2026,,10.21,43,21.2,0.618,0.0,0.0
KJ Martin,2027,,10.21,43,21.2,0.618,0.0,0.0
KJ Martin,2028,,10.21,43,21.2,0.618,0.0,0.0
Kevon Looney,2025,8000000.0,17.06,76,15.0,0.535,106.7,3.6
Kevon Looney,2026,8000000.0,17.06,76,15.0,0.535,106.7,3.6
Kevon Looney,2027,,17.06,76,15.0,0.535,106.7,3.6
Kevon Looney,2028,,17.06,76,15.0,0.535,106.7,3.6
Tre Jones,2025,8000000.0,16.34,46,19.7,0.617,0.0,0.0
Tre Jones,2026,8000000.0,16.34,46,19.7,0.617,0.0,0.0
Tre Jones,2027,8000000.0,16.34,46,19.7,0.617,0.0,0.0
Tre Jones,2028,,16.34,46,19.7,0.617,0.0,0.0
Anthony Black,2025,7970028.0,11.64,78,24.2,0.521,23.8,0.8
Anthony Black,2026,10105996.0,11.64,78,24.2,0.521,23.8,0.8
Anthony Black,2027,14491998.0,11.64,78,24.2,0.521,23.8,0.8
Anthony Black,2028,,11.64,78,24.2,0.521,23.8,0.8
Tidjane Salaun,2025,7863240.0,7.73,60,20.7,0.457,0.0,0.0
Tidjane Salaun,2026,8237880.0,7.73,60,20.7,0.457,0.0,0.0
Tidjane Salaun,2027,10445632.0,7.73,60,20.7,0.457,0.0,0.0
Tidjane Salaun,2028,14979036.0,7.73,60,20.7,0.457,0.0,0.0
Max Christie,2025,7714286.0,10.44,78,27.3,0.57,-11.6,-0.4
Max Christie,2026,8285714.0,10.44,78,27.3,0.57,-11.6,-0.4
Max Christie,2027,8857143.0,10.44,78,27.3,0.57,-11.6,-0.4
Max Christie,2028,,10.44,78,27.3,0.57,-11.6,-0.4
Dyson Daniels,2025,7707709.0,15.64,76,33.8,0.545,185.7,6.2
Dyson Daniels,2026,10389992.0,15.64,76,33.8,0.545,185.7,6.2
Dyson Daniels,2027,,15.64,76,33.8,0.545,185.7,6.2
Dyson Daniels,2028,,15.64,76,33.8,0.545,185.7,6.2
Ayo Dosunmu,2025,7518518.0,12.8,46,30.3,0.585,0.0,0.0
Ayo Dosunmu,2026,,12.8,46,30.3,0.585,0.0,0.0
Ayo Dosunmu,2027,,12.8,46,30.3,0.585,0.0,0.0
Ayo Dosunmu,2028,,12.8,46,30.3,0.585,0.0,0.0
Bilal Coulibaly,2025,7275682.0,10.87,59,33.0,0.515,0.0,0.0
Bilal Coulibaly,2026,9240116.0,10.87,59,33.0,0.515,0.0,0.0
Bilal Coulibaly,2027,13315007.0,10.87,59,33.0,0.515,0.0,0.0
Bilal Coulibaly,2028,,10.87,59,33.0,0.515,0.0,0.0
Payton Pritchard,2025,7232143.0,17.6,80,28.4,0.633,0.0,0.0
Payton Pritchard,2026,7767857.0,17.6,80,28.4,0.633,0.0,0.0
Payton Pritchard,2027,8303571.0,17.6,80,28.4,0.633,0.0,0.0
Payton Pritchard,2028,,17.6,80,28.4,0.633,0.0,0.0
Donovan Clingan,2025,7178400.0,17.39,67,19.8,0.574,134.2,4.5
Donovan Clingan,2026,7519920.0,17.39,67,19.8,0.574,134.2,4.5
Donovan Clingan,2027,9550298.0,17.39,67,19.8,0.574,134.2,4.5
Donovan Clingan,2028,13761979.0,17.39,67,19.8,0.574,134.2,4.5
Kenrich Williams,2025,7163000.0,13.74,69,16.4,0.587,0.0,0.0
Kenrich Williams,2026,7163000.0,13.74,69,16.4,0.587,0.0,0.0
Kenrich Williams,2027,,13.74,69,16.4,0.587,0.0,0.0
Kenrich Williams,2028,,13.74,69,16.4,0.587,0.0,0.0
Jeremy Sochan,2025,7096231.0,15.91,54,25.3,0.589,104.0,3.5
Jeremy Sochan,2026,9615393.0,15.91,54,25.3,0.589,104.0,3.5
Jeremy Sochan,2027,,15.91,54,25.3,0.589,104.0,3.5
Jeremy Sochan,2028,,15.91,54,25.3,0.589,104.0,3.5
Tyus Jones,2025,7000000.0,14.58,81,26.8,0.585,0.0,0.0
Tyus Jones,2026,,14.58,81,26.8,0.585,0.0,0.0
Tyus Jones,2027,,14.58,81,26.8,0.585,0.0,0.0
Tyus Jones,2028,,14.58,81,26.8,0.585,0.0,0.0
Clint Capela,2025,6700000.0,17.79,55,21.4,0.564,126.1,4.2
Clint Capela,2026,7035000.0,17.79,55,21.4,0.564,126.1,4.2
Clint Capela,2027,7370000.0,17.79,55,21.4,0.564,126.1,4.2
Clint Capela,2028,,17.79,55,21.4,0.564,126.1,4.2
Jarace Walker,2025,6665406.0,11.99,75,15.8,0.59,21.0,0.7
Jarace Walker,2026,8478396.0,11.99,75,15.8,0.59,21.0,0.7
Jarace Walker,2027,12276717.0,11.99,75,15.8,0.59,21.0,0.7
Jarace Walker,2028,,11.99,75,15.8,0.59,21.0,0.7
Dean Wade,2025,6623456.0,10.12,59,21.2,0.563,0.0,0.0
Dean Wade,2026,,10.12,59,21.2,0.563,0.0,0.0
Dean Wade,2027,,10.12,59,21.2,0.563,0.0,0.0
Dean Wade,2028,,10.12,59,21.2,0.563,0.0,0.0
Jalen Williams,2025,6580997.0,20.34,69,32.4,0.573,318.5,10.6
Jalen Williams,2026,41250000.0,20.34,69,32.4,0.573,318.5,10.6
Jalen Williams,2027,44550000.0,20.34,69,32.4,0.573,318.5,10.6
Jalen Williams,2028,47850000.0,20.34,69,32.4,0.573,318.5,10.6
Rob Dillingham,2025,6576120.0,10.31,49,10.5,0.503,-3.8,-0.1
Rob Dillingham,2026,6889320.0,10.31,49,10.5,0.503,-3.8,-0.1
Rob Dillingham,2027,8763215.0,10.31,49,10.5,0.503,-3.8,-0.1
Rob Dillingham,2028,12689135.0,10.31,49,10.5,0.503,-3.8,-0.1
Jalen Duren,2025,6483144.0,21.48,78,26.1,0.703,330.2,11.0
Jalen Duren,2026,8966189.0,21.48,78,26.1,0.703,330.2,11.0
Jalen Duren,2027,,21.48,78,26.1,0.703,330.2,11.0
Jalen Duren,2028,,21.48,78,26.1,0.703,330.2,11.0
Ochai Agbaji,2025,6383525.0,12.0,64,27.2,0.601,31.1,1.0
Ochai Agbaji,2026,8879483.0,12.0,64,27.2,0.601,31.1,1.0
Ochai Agbaji,2027,,12.0,64,27.2,0.601,31.1,1.0
Ochai Agbaji,2028,,12.0,64,27.2,0.601,31.1,1.0
Quentin Grimes,2025,6311825.0,15.93,75,26.8,0.595,0.0,0.0
Quentin Grimes,2026,,15.93,75,26.8,0.595,0.0,0.0
Quentin Grimes,2027,,15.93,75,26.8,0.595,0.0,0.0
Quentin Grimes,2028,,15.93,75,26.8,0.595,0.0,0.0
Mark Williams,2025,6276531.0,23.93,44,26.6,0.647,232.9,7.8
Mark Williams,2026,8774591.0,23.93,44,26.6,0.647,232.9,7.8
Mark Williams,2027,,23.93,44,26.6,0.647,232.9,7.8
Mark Williams,2028,,23.93,44,26.6,0.647,232.9,7.8
John Konchar,2025,6165000.0,12.09,46,12.1,0.592,0.0,0.0
John Konchar,2026,6165000.0,12.09,46,12.1,0.592,0.0,0.0
John Konchar,2027,,12.09,46,12.1,0.592,0.0,0.0
John Konchar,2028,,12.09,46,12.1,0.592,0.0,0.0
Zach Edey,2025,6045000.0,18.22,66,21.5,0.624,161.0,5.4
Zach Edey,2026,6332760.0,18.22,66,21.5,0.624,161.0,5.4
Zach Edey,2027,8067936.0,18.22,66,21.5,0.624,161.0,5.4
Zach Edey,2028,11738846.0,18.22,66,21.5,0.624,161.0,5.4
Day'Ron Sharpe,2025,6000000.0,19.78,50,18.1,0.568,124.3,4.1
Day'Ron Sharpe,2026,6000000.0,19.78,50,18.1,0.568,124.3,4.1
Day'Ron Sharpe,2027,,19.78,50,18.1,0.568,124.3,4.1
Day'Ron Sharpe,2028,,19.78,50,18.1,0.568,124.3,4.1
Ziaire Williams,2025,6000000.0,11.94,63,24.5,0.55,0.0,0.0
Ziaire Williams,2026,6000000.0,11.94,63,24.5,0.55,0.0,0.0
Ziaire Williams,2027,,11.94,63,24.5,0.55,0.0,0.0
Ziaire Williams,2028,,11.94,63,24.5,0.55,0.0,0.0
Jake LaRavia,2025,6000000.0,12.65,66,20.4,0.591,37.2,1.2
Jake LaRavia,2026,6000000.0,12.65,66,20.4,0.591,37.2,1.2
Jake LaRavia,2027,,12.65,66,20.4,0.591,37.2,1.2
Jake LaRavia,2028,,12.65,66,20.4,0.591,37.2,1.2
Jaden Hardy,2025,6000000.0,10.49,57,15.9,0.549,0.0,0.0
Jaden Hardy,2026,6000000.0,10.49,57,15.9,0.549,0.0,0.0
Jaden Hardy,2027,6000000.0,10.49,57,15.9,0.549,0.0,0.0
Jaden Hardy,2028,,10.49,57,15.9,0.549,0.0,0.0
Cam Thomas,2025,5993172.0,18.06,25,31.2,0.575,0.0,0.0
Cam Thomas,2026,,18.06,25,31.2,0.575,0.0,0.0
Cam Thomas,2027,,18.06,25,31.2,0.575,0.0,0.0
Cam Thomas,2028,,18.06,25,31.2,0.575,0.0,0.0
Cason Wallace,2025,5820487.0,12.29,68,27.6,0.562,41.8,1.4
Cason Wallace,2026,7421121.0,12.29,68,27.6,0.562,41.8,1.4
Cason Wallace,2027,10849678.0,12.29,68,27.6,0.562,41.8,1.4
Cason Wallace,2028,,12.29,68,27.6,0.562,41.8,1.4
Cody Williams,2025,5742480.0,3.68,50,21.2,0.419,-112.7,-3.8
Cody Williams,2026,6015600.0,3.68,50,21.2,0.419,-112.7,-3.8
Cody Williams,2027,7669890.0,3.68,50,21.2,0.419,-112.7,-3.8
Cody Williams,2028,11213379.0,3.68,50,21.2,0.419,-112.7,-3.8
D'Angelo Russell,2025,5685000.0,14.05,58,25.5,0.522,0.0,0.0
D'Angelo Russell,2026,5969250.0,14.05,58,25.5,0.522,0.0,0.0
D'Angelo Russell,2027,,14.05,58,25.5,0.522,0.0,0.0
D'Angelo Russell,2028,,14.05,58,25.5,0.522,0.0,0.0
Tari Eason,2025,5675766.0,18.49,57,24.9,0.567,162.9,5.4
Tari Eason,2026,8014181.0,18.49,57,24.9,0.567,162.9,5.4
Tari Eason,2027,,18.49,57,24.9,0.567,162.9,5.4
Tari Eason,2028,,18.49,57,24.9,0.567,162.9,5.4
Nicolas Batum,2025,5601600.0,10.32,78,17.5,0.633,0.0,0.0
Nicolas Batum,2026,5881680.0,10.32,78,17.5,0.633,0.0,0.0
Nicolas Batum,2027,,10.32,78,17.5,0.633,0.0,0.0
Nicolas Batum,2028,,10.32,78,17.5,0.633,0.0,0.0
Jett Howard,2025,5529506.0,7.17,60,11.7,0.491,-38.0,-1.3
Jett Howard,2026,7337655.0,7.17,60,11.7,0.491,-38.0,-1.3
Jett Howard,2027,10779015.0,7.17,60,11.7,0.491,-38.0,-1.3
Jett Howard,2028,,7.17,60,11.7,0.491,-38.0,-1.3
Matas Buzelis,2025,5455560.0,12.5,80,18.9,0.571,38.3,1.3
Matas Buzelis,2026,5715360.0,12.5,80,18.9,0.571,38.3,1.3
Matas Buzelis,2027,7584283.0,12.5,80,18.9,0.571,38.3,1.3
Matas Buzelis,2028,11141311.0,12.5,80,18.9,0.571,38.3,1.3
Kris Dunn,2025,5426400.0,11.32,74,24.1,0.531,0.0,0.0
Kris Dunn,2026,5684800.0,11.32,74,24.1,0.531,0.0,0.0
Kris Dunn,2027,,11.32,74,24.1,0.531,0.0,0.0
Kris Dunn,2028,,11.32,74,24.1,0.531,0.0,0.0
Dalen Terry,2025,5399118.0,9.65,73,13.5,0.546,-17.0,-0.6
Dalen Terry,2026,7661349.0,9.65,73,13.5,0.546,-17.0,-0.6
Dalen Terry,2027,,9.65,73,13.5,0.546,-17.0,-0.6
Dalen Terry,2028,,9.65,73,13.5,0.546,-17.0,-0.6
Moritz Wagner,2025,5000000.0,22.34,30,18.8,0.649,0.0,0.0
Moritz Wagner,2026,,22.34,30,18.8,0.649,0.0,0.0
Moritz Wagner,2027,,22.34,30,18.8,0.649,0.0,0.0
Moritz Wagner,2028,,22.34,30,18.8,0.649,0.0,0.0
Nick Richards,2025,5000000.0,16.66,57,22.0,0.634,109.9,3.7
Nick Richards,2026,,16.66,57,22.0,0.634,109.9,3.7
Nick Richards,2027,,16.66,57,22.0,0.634,109.9,3.7
Nick Richards,2028,,16.66,57,22.0,0.634,109.9,3.7
Andre Drummond,2025,5000000.0,16.04,40,18.8,0.535,61.0,2.0
Andre Drummond,2026,,16.04,40,18.8,0.535,61.0,2.0
Andre Drummond,2027,,16.04,40,18.8,0.535,61.0,2.0
Andre Drummond,2028,,16.04,40,18.8,0.535,61.0,2.0
Gradey Dick,2025,4990379.0,10.93,54,29.4,0.543,3.1,0.1
Gradey Dick,2026,7131251.0,10.93,54,29.4,0.543,3.1,0.1
Gradey Dick,2027,10575645.0,10.93,54,29.4,0.543,3.1,0.1
Gradey Dick,2028,,10.93,54,29.4,0.543,3.1,0.1
Christian Braun,2025,4921797.0,16.03,79,33.9,0.665,208.9,7.0
Christian Braun,2026,7092309.0,16.03,79,33.9,0.665,208.9,7.0
Christian Braun,2027,,16.03,79,33.9,0.665,208.9,7.0
Christian Braun,2028,,16.03,79,33.9,0.665,208.9,7.0
Walker Kessler,2025,4878938.0,20.05,58,30.0,0.66,245.4,8.2
Walker Kessler,2026,7064703.0,20.05,58,30.0,0.66,245.4,8.2
Walker Kessler,2027,,20.05,58,30.0,0.66,245.4,8.2
Walker Kessler,2028,,20.05,58,30.0,0.66,245.4,8.2
Jordan Hawkins,2025,4741216.0,9.66,56,23.6,0.504,-22.5,-0.7
Jordan Hawkins,2026,7021740.0,9.66,56,23.6,0.504,-22.5,-0.7
Jordan Hawkins,2027,10469414.0,9.66,56,23.6,0.504,-22.5,-0.7
Jordan Hawkins,2028,,9.66,56,23.6,0.504,-22.5,-0.7
Jose Alvarado,2025,4500000.0,13.4,56,24.4,0.523,0.0,0.0
Jose Alvarado,2026,4500000.0,13.4,56,24.4,0.523,0.0,0.0
Jose Alvarado,2027,,13.4,56,24.4,0.523,0.0,0.0
Jose Alvarado,2028,,13.4,56,24.4,0.523,0.0,0.0
Nikola Jovic,2025,4445417.0,13.81,46,25.1,0.595,0.0,0.0
Nikola Jovic,2026,6592553.0,13.81,46,25.1,0.595,0.0,0.0
Nikola Jovic,2027,,13.81,46,25.1,0.595,0.0,0.0
Nikola Jovic,2028,,13.81,46,25.1,0.595,0.0,0.0
Kel'el Ware,2025,4443360.0,17.42,64,22.2,0.603,144.8,4.8
Kel'el Ware,2026,4654920.0,17.42,64,22.2,0.603,144.8,4.8
Kel'el Ware,2027,7135992.0,17.42,64,22.2,0.603,144.8,4.8
Kel'el Ware,2028,10689716.0,17.42,64,22.2,0.603,144.8,4.8
Peyton Watson,2025,4356476.0,11.41,68,24.4,0.564,15.1,0.5
Peyton Watson,2026,6534714.0,11.41,68,24.4,0.564,15.1,0.5
Peyton Watson,2027,,11.41,68,24.4,0.564,15.1,0.5
Peyton Watson,2028,,11.41,68,24.4,0.564,15.1,0.5
Miles McBride,2025,4333333.0,12.61,64,24.9,0.531,0.0,0.0
Miles McBride,2026,3956523.0,12.61,64,24.9,0.531,0.0,0.0
Miles McBride,2027,,12.61,64,24.9,0.531,0.0,0.0
Miles McBride,2028,,12.61,64,24.9,0.531,0.0,0.0
Keyonte George,2025,4278754.0,12.95,67,31.5,0.539,67.7,2.3
Keyonte George,2026,6563608.0,12.95,67,31.5,0.539,67.7,2.3
Keyonte George,2027,9878230.0,12.95,67,31.5,0.539,67.7,2.3
Keyonte George,2028,,12.95,67,31.5,0.539,67.7,2.3
Jared McCain,2025,4221360.0,15.27,23,25.7,0.589,39.5,1.3
Jared McCain,2026,4422600.0,15.27,23,25.7,0.589,39.5,1.3
Jared McCain,2027,6784268.0,15.27,23,25.7,0.589,39.5,1.3
Jared McCain,2028,10210323.0,15.27,23,25.7,0.589,39.5,1.3
Dalton Knecht,2025,4010160.0,12.79,78,19.2,0.594,44.4,1.5
Dalton Knecht,2026,4201080.0,12.79,78,19.2,0.594,44.4,1.5
Dalton Knecht,2027,6452859.0,12.79,78,19.2,0.594,44.4,1.5
Dalton Knecht,2028,9756722.0,12.79,78,19.2,0.594,44.4,1.5
Ryan Rollins,2025,4000000.0,14.0,56,14.6,0.6,39.1,1.3
Ryan Rollins,2026,4000000.0,14.0,56,14.6,0.6,39.1,1.3
Ryan Rollins,2027,4000000.0,14.0,56,14.6,0.6,39.1,1.3
Ryan Rollins,2028,,14.0,56,14.6,0.6,39.1,1.3
Dwight Powell,2025,4000000.0,12.86,55,10.0,0.713,17.0,0.6
Dwight Powell,2026,,12.86,55,10.0,0.713,17.0,0.6
Dwight Powell,2027,,12.86,55,10.0,0.713,17.0,0.6
Dwight Powell,2028,,12.86,55,10.0,0.713,17.0,0.6
Tristan da Silva,2025,3809520.0,9.92,74,22.0,0.522,-21.4,-0.7
Tristan da Silva,2026,3991200.0,9.92,74,22.0,0.522,-21.4,-0.7
Tristan da Silva,2027,6138466.0,9.92,74,22.0,0.522,-21.4,-0.7
Tristan da Silva,2028,9324329.0,9.92,74,22.0,0.522,-21.4,-0.7
Cole Anthony,2025,3700000.0,14.26,67,18.4,0.531,0.0,0.0
Cole Anthony,2026,3700000.0,14.26,67,18.4,0.531,0.0,0.0
Cole Anthony,2027,3700000.0,14.26,67,18.4,0.531,0.0,0.0
Cole Anthony,2028,,14.26,67,18.4,0.531,0.0,0.0
Taurean Prince,2025,3697105.0,9.8,80,27.1,0.613,0.0,0.0
Taurean Prince,2026,3881960.0,9.8,80,27.1,0.613,0.0,0.0
Taurean Prince,2027,,9.8,80,27.1,0.613,0.0,0.0
Taurean Prince,2028,,9.8,80,27.1,0.613,0.0,0.0
Ja'Kobe Walter,2025,3638160.0,10.82,52,21.2,0.523,0.4,0.0
Ja'Kobe Walter,2026,3811800.0,10.82,52,21.2,0.523,0.4,0.0
Ja'Kobe Walter,2027,5870172.0,10.82,52,21.2,0.523,0.4,0.0
Ja'Kobe Walter,2028,8957882.0,10.82,52,21.2,0.523,0.4,0.0
Chris Paul,2025,3634153.0,14.74,82,28.0,0.58,0.0,0.0
Chris Paul,2026,,14.74,82,28.0,0.58,0.0,0.0
Chris Paul,2027,,14.74,82,28.0,0.58,0.0,0.0
Chris Paul,2028,,14.74,82,28.0,0.58,0.0,0.0
Kyle Lowry,2025,3634153.0,9.84,35,18.8,0.525,0.0,0.0
Kyle Lowry,2026,,9.84,35,18.8,0.525,0.0,0.0
Kyle Lowry,2027,,9.84,35,18.8,0.525,0.0,0.0
Kyle Lowry,2028,,9.84,35,18.8,0.525,0.0,0.0
Gary Harris,2025,3634153.0,6.94,48,14.8,0.524,0.0,0.0
Gary Harris,2026,3815861.0,6.94,48,14.8,0.524,0.0,0.0
Gary Harris,2027,,6.94,48,14.8,0.524,0.0,0.0
Gary Harris,2028,,6.94,48,14.8,0.524,0.0,0.0
Eric Gordon,2025,3634153.0,10.86,39,19.7,0.591,0.0,0.0
Eric Gordon,2026,,10.86,39,19.7,0.591,0.0,0.0
Eric Gordon,2027,,10.86,39,19.7,0.591,0.0,0.0
Eric Gordon,2028,,10.86,39,19.7,0.591,0.0,0.0
Mason Plumlee,2025,3634153.0,14.81,74,17.6,0.645,81.7,2.7
Mason Plumlee,2026,,14.81,74,17.6,0.645,81.7,2.7
Mason Plumlee,2027,,14.81,74,17.6,0.645,81.7,2.7
Mason Plumlee,2028,,14.81,74,17.6,0.645,81.7,2.7
Jaxson Hayes,2025,3449323.0,15.83,56,19.5,0.72,85.4,2.8
Jaxson Hayes,2026,,15.83,56,19.5,0.72,85.4,2.8
Jaxson Hayes,2027,,15.83,56,19.5,0.72,85.4,2.8
Jaxson Hayes,2028,,15.83,56,19.5,0.72,85.4,2.8
Noah Clowney,2025,3398406.0,9.23,46,22.7,0.516,-24.4,-0.8
Noah Clowney,2026,5413661.0,9.23,46,22.7,0.516,-24.4,-0.8
Noah Clowney,2027,8342451.0,9.23,46,22.7,0.516,-24.4,-0.8
Noah Clowney,2028,,9.23,46,22.7,0.516,-24.4,-0.8
Yves Missi,2025,3353040.0,15.42,73,26.8,0.572,140.8,4.7
Yves Missi,2026,3512760.0,15.42,73,26.8,0.572,140.8,4.7
Yves Missi,2027,5595827.0,15.42,73,26.8,0.572,140.8,4.7
Yves Missi,2028,8623169.0,15.42,73,26.8,0.572,140.8,4.7
Blake Wesley,2025,3347458.0,9.95,58,11.8,0.51,-8.7,-0.3
Blake Wesley,2026,,9.95,58,11.8,0.51,-8.7,-0.3
Blake Wesley,2027,,9.95,58,11.8,0.51,-8.7,-0.3
Blake Wesley,2028,,9.95,58,11.8,0.51,-8.7,-0.3
Kris Murray,2025,3132000.0,9.14,69,15.1,0.472,-25.8,-0.9
Kris Murray,2026,5315004.0,9.14,69,15.1,0.472,-25.8,-0.9
Kris Murray,2027,8265502.0,9.14,69,15.1,0.472,-25.8,-0.9
Kris Murray,2028,,9.14,69,15.1,0.472,-25.8,-0.9
AJ Johnson,2025,3090480.0,7.15,29,22.0,0.48,-34.7,-1.2
AJ Johnson,2026,3237120.0,7.15,29,22.0,0.48,-34.7,-1.2
AJ Johnson,2027,5493393.0,7.15,29,22.0,0.48,-34.7,-1.2
AJ Johnson,2028,8542226.0,7.15,29,22.0,0.48,-34.7,-1.2
Josh Okogie,2025,3080921.0,16.3,40,15.6,0.567,0.0,0.0
Josh Okogie,2026,,16.3,40,15.6,0.567,0.0,0.0
Josh Okogie,2027,,16.3,40,15.6,0.567,0.0,0.0
Josh Okogie,2028,,16.3,40,15.6,0.567,0.0,0.0
Drew Eubanks,2025,3080921.0,15.66,61,12.2,0.622,0.0,0.0
Drew Eubanks,2026,,15.66,61,12.2,0.622,0.0,0.0
Drew Eubanks,2027,,15.66,61,12.2,0.622,0.0,0.0
Drew Eubanks,2028,,15.66,61,12.2,0.622,0.0,0.0
Bruce Brown,2025,3080921.0,10.98,41,22.5,0.504,0.0,0.0
Bruce Brown,2026,,10.98,41,22.5,0.504,0.0,0.0
Bruce Brown,2027,,10.98,41,22.5,0.504,0.0,0.0
Bruce Brown,2028,,10.98,41,22.5,0.504,0.0,0.0
Aaron Holiday,2025,3080921.0,12.26,62,12.8,0.594,0.0,0.0
Aaron Holiday,2026,,12.26,62,12.8,0.594,0.0,0.0
Aaron Holiday,2027,,12.26,62,12.8,0.594,0.0,0.0
Aaron Holiday,2028,,12.26,62,12.8,0.594,0.0,0.0
Ajay Mitchell,2025,3000000.0,12.07,36,16.6,0.587,11.3,0.4
Ajay Mitchell,2026,2850000.0,12.07,36,16.6,0.587,11.3,0.4
Ajay Mitchell,2027,2850000.0,12.07,36,16.6,0.587,11.3,0.4
Ajay Mitchell,2028,,12.07,36,16.6,0.587,11.3,0.4
Kyle Filipowski,2025,3000000.0,14.96,72,21.1,0.594,94.4,3.1
Kyle Filipowski,2026,3000000.0,14.96,72,21.1,0.594,94.4,3.1
Kyle Filipowski,2027,3000000.0,14.96,72,21.1,0.594,94.4,3.1
Kyle Filipowski,2028,,14.96,72,21.1,0.594,94.4,3.1
Kyshawn George,2025,2966760.0,8.86,68,26.5,0.503,-52.1,-1.7
Kyshawn George,2026,3108000.0,8.86,68,26.5,0.503,-52.1,-1.7
Kyshawn George,2027,5435892.0,8.86,68,26.5,0.503,-52.1,-1.7
Kyshawn George,2028,8490863.0,8.86,68,26.5,0.503,-52.1,-1.7
Marcus Sasser,2025,2886431.0,14.05,57,14.2,0.589,39.3,1.3
Marcus Sasser,2026,5198462.0,14.05,57,14.2,0.589,39.3,1.3
Marcus Sasser,2027,8156386.0,14.05,57,14.2,0.589,39.3,1.3
Marcus Sasser,2028,,14.05,57,14.2,0.589,39.3,1.3
Ben Sheppard,2025,2790720.0,9.17,63,19.5,0.555,-29.9,-1.0
Ben Sheppard,2026,5031668.0,9.17,63,19.5,0.555,-29.9,-1.0
Ben Sheppard,2027,7930389.0,9.17,63,19.5,0.555,-29.9,-1.0
Ben Sheppard,2028,,9.17,63,19.5,0.555,-29.9,-1.0
Dillon Jones,2025,2753280.0,8.11,54,10.2,0.464,-22.1,-0.7
Dillon Jones,2026,2884440.0,8.11,54,10.2,0.464,-22.1,-0.7
Dillon Jones,2027,5200645.0,8.11,54,10.2,0.464,-22.1,-0.7
Dillon Jones,2028,8196216.0,8.11,54,10.2,0.464,-22.1,-0.7
DaQuan Jeffries,2025,2743776.0,7.96,47,22.8,0.518,0.0,0.0
DaQuan Jeffries,2026,3080918.0,7.96,47,22.8,0.518,0.0,0.0
DaQuan Jeffries,2027,,7.96,47,22.8,0.518,0.0,0.0
DaQuan Jeffries,2028,,7.96,47,22.8,0.518,0.0,0.0
Brice Sensabaugh,2025,2693460.0,13.46,71,20.2,0.612,56.9,1.9
Brice Sensabaugh,2026,4861695.0,13.46,71,20.2,0.612,56.9,1.9
Brice Sensabaugh,2027,7730095.0,13.46,71,20.2,0.612,56.9,1.9
Brice Sensabaugh,2028,,13.46,71,20.2,0.612,56.9,1.9
Julian Strawther,2025,2674148.0,9.59,65,21.3,0.559,-25.0,-0.8
Julian Strawther,2026,4826838.0,9.59,65,21.3,0.559,-25.0,-0.8
Julian Strawther,2027,7722940.0,9.59,65,21.3,0.559,-25.0,-0.8
Julian Strawther,2028,,9.59,65,21.3,0.559,-25.0,-0.8
Jae'Sean Tate,2025,2667947.0,12.32,52,11.3,0.557,0.0,0.0
Jae'Sean Tate,2026,,12.32,52,11.3,0.557,0.0,0.0
Jae'Sean Tate,2027,,12.32,52,11.3,0.557,0.0,0.0
Jae'Sean Tate,2028,,12.32,52,11.3,0.557,0.0,0.0
Ryan Dunn,2025,2657760.0,10.77,74,19.1,0.517,-0.7,0.0
Ryan Dunn,2026,2784240.0,10.77,74,19.1,0.517,-0.7,0.0
Ryan Dunn,2027,5025553.0,10.77,74,19.1,0.517,-0.7,0.0
Ryan Dunn,2028,7990629.0,10.77,74,19.1,0.517,-0.7,0.0
Isaiah Collier,2025,2638200.0,9.73,71,25.9,0.494,-29.3,-1.0
Isaiah Collier,2026,2763960.0,9.73,71,25.9,0.494,-29.3,-1.0
Isaiah Collier,2027,4988948.0,9.73,71,25.9,0.494,-29.3,-1.0
Isaiah Collier,2028,7982316.0,9.73,71,25.9,0.494,-29.3,-1.0
Jared Butler,2025,2461463.0,15.65,60,17.4,0.549,0.0,0.0
Jared Butler,2026,,15.65,60,17.4,0.549,0.0,0.0
Jared Butler,2027,,15.65,60,17.4,0.549,0.0,0.0
Jared Butler,2028,,15.65,60,17.4,0.549,0.0,0.0
Lindy Waters III,2025,2461463.0,8.88,52,15.0,0.504,-22.3,-0.7
Lindy Waters III,2026,,8.88,52,15.0,0.504,-22.3,-0.7
Lindy Waters III,2027,,8.88,52,15.0,0.504,-22.3,-0.7
Lindy Waters III,2028,,8.88,52,15.0,0.504,-22.3,-0.7
Jock Landale,2025,2461463.0,16.06,42,11.9,0.59,40.8,1.4
Jock Landale,2026,,16.06,42,11.9,0.59,40.8,1.4
Jock Landale,2027,,16.06,42,11.9,0.59,40.8,1.4
Jock Landale,2028,,16.06,42,11.9,0.59,40.8,1.4
Jericho Sims,2025,2461463.0,9.97,53,11.9,0.639,0.0,0.0
Jericho Sims,2026,2801346.0,9.97,53,11.9,0.639,0.0,0.0
Jericho Sims,2027,,9.97,53,11.9,0.639,0.0,0.0
Jericho Sims,2028,,9.97,53,11.9,0.639,0.0,0.0
Trendon Watford,2025,2461463.0,13.05,44,20.8,0.557,0.0,0.0
Trendon Watford,2026,2801346.0,13.05,44,20.8,0.557,0.0,0.0
Trendon Watford,2027,,13.05,44,20.8,0.557,0.0,0.0
Trendon Watford,2028,,13.05,44,20.8,0.557,0.0,0.0
Caleb Houstan,2025,2378870.0,9.46,58,13.6,0.605,-15.7,-0.5
Caleb Houstan,2026,,9.46,58,13.6,0.605,-15.7,-0.5
Caleb Houstan,2027,,9.46,58,13.6,0.605,-15.7,-0.5
Caleb Houstan,2028,,9.46,58,13.6,0.605,-15.7,-0.5
Jordan Goodwin,2025,2349578.0,12.08,29,18.7,0.541,0.0,0.0
Jordan Goodwin,2026,,12.08,29,18.7,0.541,0.0,0.0
Jordan Goodwin,2027,,12.08,29,18.7,0.541,0.0,0.0
Jordan Goodwin,2028,,12.08,29,18.7,0.541,0.0,0.0
Jay Huff,2025,2349578.0,18.22,64,11.7,0.666,85.0,2.8
Jay Huff,2026,2667944.0,18.22,64,11.7,0.666,85.0,2.8
Jay Huff,2027,3005085.0,18.22,64,11.7,0.666,85.0,2.8
Jay Huff,2028,,18.22,64,11.7,0.666,85.0,2.8
Keon Johnson,2025,2349578.0,10.47,79,24.4,0.499,0.0,0.0
Keon Johnson,2026,,10.47,79,24.4,0.499,0.0,0.0
Keon Johnson,2027,,10.47,79,24.4,0.499,0.0,0.0
Keon Johnson,2028,,10.47,79,24.4,0.499,0.0,0.0
Vit Krejci,2025,2349578.0,12.69,57,20.2,0.661,0.0,0.0
Vit Krejci,2026,2667944.0,12.69,57,20.2,0.661,0.0,0.0
Vit Krejci,2027,3005085.0,12.69,57,20.2,0.661,0.0,0.0
Vit Krejci,2028,,12.69,57,20.2,0.661,0.0,0.0
Neemias Queta,2025,2349578.0,16.29,62,13.9,0.674,73.3,2.4
Neemias Queta,2026,2667944.0,16.29,62,13.9,0.674,73.3,2.4
Neemias Queta,2027,,16.29,62,13.9,0.674,73.3,2.4
Neemias Queta,2028,,16.29,62,13.9,0.674,73.3,2.4
AJ Green,2025,2301587.0,9.25,73,22.7,0.621,-38.5,-1.3
AJ Green,2026,,9.25,73,22.7,0.621,-38.5,-1.3
AJ Green,2027,,9.25,73,22.7,0.621,-38.5,-1.3
AJ Green,2028,,9.25,73,22.7,0.621,-38.5,-1.3
Keon Ellis,2025,2301587.0,13.49,80,24.4,0.664,78.1,2.6
Keon Ellis,2026,,13.49,80,24.4,0.664,78.1,2.6
Keon Ellis,2027,,13.49,80,24.4,0.664,78.1,2.6
Keon Ellis,2028,,13.49,80,24.4,0.664,78.1,2.6
Moussa Diabate,2025,2270735.0,16.52,71,17.5,0.609,106.0,3.5
Moussa Diabate,2026,2461462.0,16.52,71,17.5,0.609,106.0,3.5
Moussa Diabate,2027,,16.52,71,17.5,0.609,106.0,3.5
Moussa Diabate,2028,,16.52,71,17.5,0.609,106.0,3.5
Gui Santos,2025,2221677.0,11.68,56,13.6,0.575,0.0,0.0
Gui Santos,2026,,11.68,56,13.6,0.575,0.0,0.0
Gui Santos,2027,,11.68,56,13.6,0.575,0.0,0.0
Gui Santos,2028,,11.68,56,13.6,0.575,0.0,0.0
Toumani Camara,2025,2221677.0,12.56,78,32.7,0.572,66.9,2.2
Toumani Camara,2026,2406205.0,12.56,78,32.7,0.572,66.9,2.2
Toumani Camara,2027,,12.56,78,32.7,0.572,66.9,2.2
Toumani Camara,2028,,12.56,78,32.7,0.572,66.9,2.2
Julian Phillips,2025,2221677.0,10.23,79,14.2,0.571,-9.5,-0.3
Julian Phillips,2026,2406205.0,10.23,79,14.2,0.571,-9.5,-0.3
Julian Phillips,2027,,10.23,79,14.2,0.571,-9.5,-0.3
Julian Phillips,2028,,10.23,79,14.2,0.571,-9.5,-0.3
Jalen Pickett,2025,2221677.0,10.89,49,13.6,0.545,0.9,0.0
Jalen Pickett,2026,2406205.0,10.89,49,13.6,0.545,0.9,0.0
Jalen Pickett,2027,,10.89,49,13.6,0.545,0.9,0.0
Jalen Pickett,2028,,10.89,49,13.6,0.545,0.9,0.0
Jalen Wilson,2025,2221677.0,9.55,79,25.7,0.541,-38.0,-1.3
Jalen Wilson,2026,,9.55,79,25.7,0.541,-38.0,-1.3
Jalen Wilson,2027,,9.55,79,25.7,0.541,-38.0,-1.3
Jalen Wilson,2028,,9.55,79,25.7,0.541,-38.0,-1.3
Mouhamed Gueye,2025,2221677.0,14.46,33,16.2,0.52,29.1,1.0
Mouhamed Gueye,2026,2406205.0,14.46,33,16.2,0.52,29.1,1.0
Mouhamed Gueye,2027,,14.46,33,16.2,0.52,29.1,1.0
Mouhamed Gueye,2028,,14.46,33,16.2,0.52,29.1,1.0
Tyrese Martin,2025,2191897.0,10.93,60,21.9,0.533,2.5,0.1
Tyrese Martin,2026,,10.93,60,21.9,0.533,2.5,0.1
Tyrese Martin,2027,,10.93,60,21.9,0.533,2.5,0.1
Tyrese Martin,2028,,10.93,60,21.9,0.533,2.5,0.1
Jaylen Clark,2025,2191897.0,12.03,40,13.1,0.598,9.6,0.3
Jaylen Clark,2026,,12.03,40,13.1,0.598,9.6,0.3
Jaylen Clark,2027,,12.03,40,13.1,0.598,9.6,0.3
Jaylen Clark,2028,,12.03,40,13.1,0.598,9.6,0.3
Justin Edwards,2025,2048494.0,11.31,44,26.3,0.559,8.8,0.3
Justin Edwards,2026,2411090.0,11.31,44,26.3,0.559,8.8,0.3
Justin Edwards,2027,2616754.0,11.31,44,26.3,0.559,8.8,0.3
Justin Edwards,2028,,11.31,44,26.3,0.559,8.8,0.3
Quinten Post,2025,1955377.0,14.31,42,16.3,0.595,38.0,1.3
Quinten Post,2026,,14.31,42,16.3,0.595,38.0,1.3
Quinten Post,2027,,14.31,42,16.3,0.595,38.0,1.3
Quinten Post,2028,,14.31,42,16.3,0.595,38.0,1.3
Jamison Battle,2025,1955377.0,10.72,59,17.7,0.59,-1.2,0.0
Jamison Battle,2026,2296271.0,10.72,59,17.7,0.59,-1.2,0.0
Jamison Battle,2027,,10.72,59,17.7,0.59,-1.2,0.0
Jamison Battle,2028,,10.72,59,17.7,0.59,-1.2,0.0
Karlo Matkovic,2025,1955377.0,15.63,42,18.8,0.639,0.0,0.0
Karlo Matkovic,2026,2296271.0,15.63,42,18.8,0.639,0.0,0.0
Karlo Matkovic,2027,,15.63,42,18.8,0.639,0.0,0.0
Karlo Matkovic,2028,,15.63,42,18.8,0.639,0.0,0.0
Adem Bona,2025,1955377.0,16.54,58,15.6,0.714,80.3,2.7
Adem Bona,2026,2296271.0,16.54,58,15.6,0.714,80.3,2.7
Adem Bona,2027,2486995.0,16.54,58,15.6,0.714,80.3,2.7
Adem Bona,2028,,16.54,58,15.6,0.714,80.3,2.7
Jaylen Wells,2025,1955377.0,10.49,79,25.9,0.56,0.0,0.0
Jaylen Wells,2026,2296271.0,10.49,79,25.9,0.56,0.0,0.0
Jaylen Wells,2027,2486995.0,10.49,79,25.9,0.56,0.0,0.0
Jaylen Wells,2028,,10.49,79,25.9,0.56,0.0,0.0
Jonathan Mogbo,2025,1955377.0,11.94,63,20.4,0.496,22.0,0.7
Jonathan Mogbo,2026,2296271.0,11.94,63,20.4,0.496,22.0,0.7
Jonathan Mogbo,2027,,11.94,63,20.4,0.496,22.0,0.7
Jonathan Mogbo,2028,,11.94,63,20.4,0.496,22.0,0.7
Oso Ighodaro,2025,1955377.0,11.12,61,17.1,0.61,8.1,0.3
Oso Ighodaro,2026,2296271.0,11.12,61,17.1,0.61,8.1,0.3
Oso Ighodaro,2027,,11.12,61,17.1,0.61,8.1,0.3
Oso Ighodaro,2028,,11.12,61,17.1,0.61,8.1,0.3
Jamal Shead,2025,1955377.0,9.95,75,19.6,0.499,-14.2,-0.5
Jamal Shead,2026,2296271.0,9.95,75,19.6,0.499,-14.2,-0.5
Jamal Shead,2027,,9.95,75,19.6,0.499,-14.2,-0.5
Jamal Shead,2028,,9.95,75,19.6,0.499,-14.2,-0.5
Pelle Larsson,2025,1955377.0,10.26,55,14.2,0.546,-6.4,-0.2
Pelle Larsson,2026,2296271.0,10.26,55,14.2,0.546,-6.4,-0.2
Pelle Larsson,2027,,10.26,55,14.2,0.546,-6.4,-0.2
Pelle Larsson,2028,,10.26,55,14.2,0.546,-6.4,-0.2
Vasilije Micic,2025,666667.0,6.52,41,19.1,0.462,-50.2,-1.7
Vasilije Micic,2026,666667.0,6.52,41,19.1,0.462,-50.2,-1.7
Vasilije Micic,2027,666667.0,6.52,41,19.1,0.462,-50.2,-1.7
Vasilije Micic,2028,,6.52,41,19.1,0.462,-50.2,-1.7
Jamal Cain,2025,636435.0,11.46,37,13.6,0.544,4.9,0.2
Jamal Cain,2026,,11.46,37,13.6,0.544,4.9,0.2
Jamal Cain,2027,,11.46,37,13.6,0.544,4.9,0.2
Jamal Cain,2028,,11.46,37,13.6,0.544,4.9,0.2
Antonio Reeves,2025,636435.0,11.75,44,15.0,0.579,9.4,0.3
Antonio Reeves,2026,,11.75,44,15.0,0.579,9.4,0.3
Antonio Reeves,2027,,11.75,44,15.0,0.579,9.4,0.3
Antonio Reeves,2028,,11.75,44,15.0,0.579,9.4,0.3
Orlando Robinson,2025,636435.0,12.92,44,17.5,0.519,26.7,0.9
Orlando Robinson,2026,,12.92,44,17.5,0.519,26.7,0.9
Orlando Robinson,2027,,12.92,44,17.5,0.519,26.7,0.9
Orlando Robinson,2028,,12.92,44,17.5,0.519,26.7,0.9
Keaton Wallace,2025,636435.0,10.15,31,16.2,0.503,-4.9,-0.2
Keaton Wallace,2026,,10.15,31,16.2,0.503,-4.9,-0.2
Keaton Wallace,2027,,10.15,31,16.2,0.503,-4.9,-0.2
Keaton Wallace,2028,,10.15,31,16.2,0.503,-4.9,-0.2
Tristan Vukcevic,2025,636435.0,17.88,35,14.7,0.608,0.0,0.0
Tristan Vukcevic,2026,,17.88,35,14.7,0.608,0.0,0.0
Tristan Vukcevic,2027,,17.88,35,14.7,0.608,0.0,0.0
Tristan Vukcevic,2028,,17.88,35,14.7,0.608,0.0,0.0
Jabari Walker,2025,636435.0,14.98,60,12.5,0.601,46.8,1.6
Jabari Walker,2026,,14.98,60,12.5,0.601,46.8,1.6
Jabari Walker,2027,,14.98,60,12.5,0.601,46.8,1.6
Jabari Walker,2028,,14.98,60,12.5,0.601,46.8,1.6
Tosan Evbuomwan,2025,636434.0,11.63,28,23.8,0.53,8.3,0.3
Tosan Evbuomwan,2026,,11.63,28,23.8,0.53,8.3,0.3
Tosan Evbuomwan,2027,,11.63,28,23.8,0.53,8.3,0.3
Tosan Evbuomwan,2028,,11.63,28,23.8,0.53,8.3,0.3
KJ Simpson,2025,636434.0,8.37,36,23.4,0.437,-30.5,-1.0
KJ Simpson,2026,,8.37,36,23.4,0.437,-30.5,-1.0
KJ Simpson,2027,,8.37,36,23.4,0.437,-30.5,-1.0
KJ Simpson,2028,,8.37,36,23.4,0.437,-30.5,-1.0
Richaun Holmes,2025,250000.0,19.86,31,17.2,0.695,72.2,2.4
Richaun Holmes,2026,,19.86,31,17.2,0.695,72.2,2.4
Richaun Holmes,2027,,19.86,31,17.2,0.695,72.2,2.4
Richaun Holmes,2028,,19.86,31,17.2,0.695,72.2,2.4
Bismack Biyombo,2025,3634153.0,12.3,28,18.8,0.576,13.4,0.4
Bismack Biyombo,2026,,12.3,28,18.8,0.576,13.4,0.4
Bismack Biyombo,2027,,12.3,28,18.8,0.576,13.4,0.4
Bismack Biyombo,2028,,12.3,28,18.8,0.576,13.4,0.4
Malcolm Brogdon,2025,3303774.0,15.82,24,23.5,0.544,0.0,0.0
Malcolm Brogdon,2026,,15.82,24,23.5,0.544,0.0,0.0
Malcolm Brogdon,2027,,15.82,24,23.5,0.544,0.0,0.0
Malcolm Brogdon,2028,,15.82,24,23.5,0.544,0.0,0.0
Chris Boucher,2025,3287409.0,18.73,50,17.2,0.615,0.0,0.0
Chris Boucher,2026,,18.73,50,17.2,0.615,0.0,0.0
Chris Boucher,2027,,18.73,50,17.2,0.615,0.0,0.0
Chris Boucher,2028,,18.73,50,17.2,0.615,0.0,0.0
Landry Shamet,2025,3080921.0,9.73,50,15.2,0.601,0.0,0.0
Landry Shamet,2026,,9.73,50,15.2,0.601,0.0,0.0
Landry Shamet,2027,,9.73,50,15.2,0.601,0.0,0.0
Landry Shamet,2028,,9.73,50,15.2,0.601,0.0,0.0
Garrison Mathews,2025,2874436.0,11.23,47,17.7,0.606,0.0,0.0
Garrison Mathews,2026,,11.23,47,17.7,0.606,0.0,0.0
Garrison Mathews,2027,,11.23,47,17.7,0.606,0.0,0.0
Garrison Mathews,2028,,11.23,47,17.7,0.606,0.0,0.0
Amir Coffey,2025,2874436.0,11.26,72,24.3,0.614,0.0,0.0
Amir Coffey,2026,,11.26,72,24.3,0.614,0.0,0.0
Amir Coffey,2027,,11.26,72,24.3,0.614,0.0,0.0
Amir Coffey,2028,,11.26,72,24.3,0.614,0.0,0.0
Javonte Green,2025,2874436.0,10.76,68,18.5,0.541,0.0,0.0
Javonte Green,2026,,10.76,68,18.5,0.541,0.0,0.0
Javonte Green,2027,,10.76,68,18.5,0.541,0.0,0.0
Javonte Green,2028,,10.76,68,18.5,0.541,0.0,0.0
Kessler Edwards,2025,2461463.0,11.32,40,15.2,0.597,0.0,0.0
Kessler Edwards,2026,,11.32,40,15.2,0.597,0.0,0.0
Kessler Edwards,2027,,11.32,40,15.2,0.597,0.0,0.0
Kessler Edwards,2028,,11.32,40,15.2,0.597,0.0,0.0
Micah Potter,2025,2296274.0,8.53,38,18.6,0.563,-23.9,-0.8
Micah Potter,2026,,8.53,38,18.6,0.563,-23.9,-0.8
Micah Potter,2027,,8.53,38,18.6,0.563,-23.9,-0.8
Micah Potter,2028,,8.53,38,18.6,0.563,-23.9,-0.8
Colby Jones,2025,2221677.0,11.41,39,13.2,0.544,4.7,0.2
Colby Jones,2026,2406205.0,11.41,39,13.2,0.544,4.7,0.2
Colby Jones,2027,,11.41,39,13.2,0.544,4.7,0.2
Colby Jones,2028,,11.41,39,13.2,0.544,4.7,0.2
